id,domain,status,purchase_price,renewal_price,attractiveness,demand,length,registrar,created_at,expires_at
008f6733-4af3-4796-9b3b-be11d2fccd2a,hangover.store,premium,312.5,,62,12,9,name.com,,
00b42003-7baa-454a-ac78-1b77a398bf49,keepitdown.store,available,2.99,,46,0,12,name.com,,
00e29875-f073-422a-87e4-cbb476b1f446,coffeegrinder.store,available,2.99,,75,2,14,name.com,,
011fbf18-8fb3-4736-9d3f-9e8d5cbfbca7,outofoffice.store,resell,,,61,19,13,Dynadot Inc,12/02/2026 01:32,12/02/2027 23:59
016caaca-9b0e-45b4-b8b1-14380663ed50,kirkland.store,resell,,,74,82,8,Squarespace Domains LLC,18/10/2024 08:28,18/10/2026 23:59
01a1e6fd-68f9-44fe-bd6c-c54f5c508c0d,breastcancer.store,resell,,,58,9,13,"GoDaddy.com, LLC",24/01/2026 10:51,24/01/2027 23:59
0280fe7a-a230-433f-8467-a9936dfb2eee,OxyContin.store,available,2.99,,64,6,9,name.com,,
034b169c-c853-4634-ab00-2af57c736e9d,fittogether.store,available,2.99,,80,4,12,name.com,,
0386ded4-db53-4021-97f7-c1841bc00a33,alcoholintoxication.store,available,2.99,,48,1,20,name.com,,
03de0a8b-5546-413e-9998-b676c0255818,complaints.store,premium,78.12,,40,9,10,name.com,,
040f4502-8305-4bb6-8a82-540bc53157da,tempers.store,available,2.99,,56,2,7,name.com,,
048aefa5-9e52-4b23-b3a2-d17ba1f47c43,refusing.store,premium,78.12,,40,3,8,name.com,,
06a45200-91ba-49bf-91a3-e76308dc4352,datafeed.store,available,2.99,,70,7,9,name.com,,
07264b9b-7481-4a8d-ae8e-4142bd4651e2,gofast.store,resell,,,74,15,7,"GoDaddy.com, LLC",08/04/2026 12:31,08/04/2027 12:31
0808ffbd-a97a-47c8-b75c-ee2ca7b3c708,stalled.store,premium,78.12,,48,3,7,name.com,,
08a6ecca-c910-4ffe-b309-816868d4b6f3,sexualassault.store,available,2.99,,43,3,14,name.com,,
090b87da-6ae3-416e-876e-abc14c574bd4,IamHIVpositive.store,available,43.98,,44,1,17,namecheap,,
0969f88c-2f78-47e1-93ee-6c81c26d5f30,shorted.store,premium,78.12,,61,4,7,name.com,,
0a648f20-3bd8-4be9-aac5-4d6b0c60b681,terminators.store,available,2.99,,46,3,11,name.com,,
0b2e0a91-5305-4496-9077-962b1cb87b11,takehuff.store,available,2.99,,64,1,9,name.com,,
0c677d41-df2b-47ee-8127-2ff0a7a0edd5,goastray.store,available,2.99,,66,1,9,name.com,,
0cfa4c82-dc33-4763-88c0-ad9a5ef864c0,killed.store,premium,78.12,,56,5,6,name.com,,
0ddd937d-472d-4cf2-90c4-098823572958,instore.store,resell,,,74,12,8,"NameCheap, Inc.",18/06/2025 02:13,18/06/2026 23:59
0ed9b769-6833-4aa6-9759-b241852c1843,Ihavecancer.store,available,43.98,,44,2,13,namecheap,,
0ee4cdcc-038e-4316-a64e-c264313a1be8,moulds.store,available,2.99,,52,5,6,name.com,,
0f608e29-ce4c-4dce-a995-f0f7c5dcee9c,chestnuts.store,available,2.99,,54,5,9,name.com,,
0fd6a0de-1bc0-436c-97f8-6deb1ec0934c,sorethroat.store,available,2.99,,64,2,11,name.com,,
0feb6171-7407-4d43-8c54-9af7e92db947,disappointment.store,available,2.99,,50,4,14,name.com,,
12439a67-549e-411b-9787-cf1f049f02f4,devoured.store,available,2.99,,40,3,8,name.com,,
12ac3813-e438-4884-9c08-26ca5b7054f4,manuallabour.store,available,2.99,,58,1,13,name.com,,
143b5578-a17d-4ce0-b8ed-b16b0c7c5e3d,dropabombshell.store,available,2.99,,58,0,16,name.com,,
14573761-4979-42af-be26-666d0046f934,errors.store,premium,78.12,,46,11,6,name.com,,
14cb5c1e-5890-4fa8-bd8b-557f70af4767,suppresses.store,premium,78.12,,44,1,10,name.com,,
17124856-75fb-44ef-aff9-ee709ca204c9,dangers.store,premium,78.12,,46,6,7,name.com,,
1752b964-98ad-4b2a-8b02-d98acd73390e,superhero.store,premium,156.25,,84,23,9,name.com,,
179b11cc-fb28-4f8f-95da-89379cf03b86,lookouts.store,available,2.99,,52,3,8,name.com,,
1809a47a-922b-4a79-b696-fa97ed229fc8,suspecting.store,premium,78.12,,48,1,10,name.com,,
18953ea2-a278-466c-9977-7317823cdbe3,failures.store,premium,78.12,,46,5,8,name.com,,
189dca99-9343-4008-befd-0d90da04c003,instruments.store,premium,781.25,,62,11,11,name.com,,
1a1d0c0b-ac63-410c-9e88-63712ed2b64a,havenosympathy.store,available,2.99,,54,1,16,name.com,,
1b1a3bb4-fae4-485c-b029-c08f89025b74,rages.store,premium,156.25,,40,4,5,name.com,,
1b4044b4-9535-4d78-8e1f-9b3151b2fe6d,leaveover.store,available,2.99,,70,1,10,name.com,,
1c03d443-bce7-40f2-a050-55ee12c9dece,slipin.store,available,2.99,,65,2,7,name.com,,
1ce2aa60-fa3b-4eb9-9a5a-10830a6b0b02,silences.store,premium,78.12,,46,3,8,name.com,,
1cef9dbe-8030-4040-8959-d3abfbbc0a4f,thickskinned.store,available,2.99,,52,1,13,name.com,,
1cfa9d09-c589-4620-afd8-3fc22ca7e7d0,havenousefor.store,available,2.99,,56,0,15,name.com,,
1e384f9a-0547-49ed-902f-0d57ea8e9ce9,communityservice.store,available,2.99,,72,5,17,name.com,,
1eedcfd9-f2f2-4c53-9b36-a36479148357,OpiumWar.store,available,43.98,,52,1,9,namecheap,,
1ef15320-efbf-40d5-84c6-3c9e2d82dafb,filesize.store,available,2.99,,64,2,9,name.com,,
1f4299bf-9899-49fd-8bb5-3fd118846c3f,generating.store,premium,312.5,,54,6,10,name.com,,
20c5ae8c-51d7-482c-847e-08a4ec62c27d,distributed.store,premium,781.25,,64,21,11,name.com,,
214f967e-d52a-4538-b7d5-f897d44e66f3,alcoholics.store,premium,78.12,,38,4,10,name.com,,
234f15ae-ff5c-4539-9982-a83a6389dbd8,getupandgo.store,available,2.99,,70,3,13,name.com,,
23c6b1af-1162-4564-9059-cd0e299fc02b,makegood.store,available,2.99,,86,14,9,name.com,,
25343dc4-db94-4a6a-931f-42d37e3cb18a,gonowherefast.store,available,2.99,,50,1,15,name.com,,
258c1832-4ae8-41b7-ad85-7810b2e207b6,ranted.store,available,2.99,,48,2,6,name.com,,
26c3d72d-36a2-407e-87fa-4308193412ae,onfire.store,resell,,,50,12,7,"Xiamen ChinaSource Internet Service Co., Ltd",17/08/2025 10:34,17/08/2026 23:59
270f70ce-5f89-4057-998b-7a6ecbcbdd2e,constraints.store,premium,78.12,,44,2,11,name.com,,
277d4a8f-6371-4578-91b1-a81054df09fa,Oxfam.store,available,43.98,,72,5,5,namecheap,,
27e40e37-0cfe-4cb7-8d56-7a14d8272238,dataflow.store,resell,,,70,16,9,"GoDaddy.com, LLC",28/10/2025 01:13,28/10/2026 23:59
282caac3-f325-4c01-ab3f-6e9b6ccbfaf1,sucked.store,premium,78.12,,54,4,6,name.com,,
287269b7-151c-480c-b2dc-660dcb55d778,disorders.store,premium,78.12,,46,5,9,name.com,,
29457f44-55e3-4ab0-9278-c46d890933de,thefixisin.store,available,2.99,,38,1,13,name.com,,
2948e6a8-4ed7-45ae-a9e2-c295a0a718a0,blewup.store,available,2.99,,44,1,7,name.com,,
29838d01-ec3c-4e3d-807c-b36f3e3e5276,divein.store,resell,,,76,9,7,"GoDaddy.com, LLC",02/12/2025 21:22,02/12/2026 23:59
29cbb261-6b9a-454c-93b3-60c486058881,gettheboot.store,available,2.99,,70,1,12,name.com,,
29d26e86-0bf4-4132-8996-a65a29b7437e,deadonarrival.store,available,2.99,,46,2,15,name.com,,
2ae2fdcc-93c4-49f7-b931-f38ad9174717,strepthroat.store,available,2.99,,68,2,12,name.com,,
2b4e4431-11ec-4107-8542-90365b780788,sedated.store,available,2.99,,43,2,7,name.com,,
2b9490a4-496c-4885-ab76-49f3304ee276,barup.store,available,2.99,,82,2,6,name.com,,
2c47a97e-aaf1-4d77-9608-8f1ede399e24,probablecause.store,available,2.99,,55,2,14,name.com,,
2ebbfb93-76f0-46e7-85c3-e8a2003d1135,mosquitoes.store,premium,78.12,,42,4,10,name.com,,
2f393b3b-a767-4b5f-aab3-d93f2402ecbf,lactoseintolerance.store,available,2.99,,56,2,19,name.com,,
3056eec7-b7d9-4c1c-892a-3a1173fd893c,couldnotcareless.store,available,2.99,,38,0,19,name.com,,
3157aa99-2494-4894-bfe8-dbfebde7589c,razorburn.store,available,2.99,,60,1,10,name.com,,
31631f39-d697-4beb-8a9b-48c3bbc3cb70,tabs.store,premium,312.5,,46,19,4,name.com,,
31929a3e-a8c3-44aa-a256-39d66f6d888c,rollwithit.store,available,2.99,,56,5,12,name.com,,
31a0010e-027a-42df-8575-ef8483aedd35,letterofdismissal.store,available,2.99,,44,1,19,name.com,,
3257473b-3555-4e04-85b1-ca4a362a83ae,grandpas.store,available,2.99,,68,4,8,name.com,,
33720a1c-5740-4fc2-bf31-415ca5ed4ff5,gooverboard.store,available,2.99,,64,1,12,name.com,,
3392c3ee-3ae5-4843-8c23-b7ea4d203236,shoparound.store,resell,,,80,3,11,"GoDaddy.com, LLC",11/01/2026 08:09,11/01/2027 23:59
33add651-bd76-455b-8a9d-ae66d8016971,backbreaking.store,available,2.99,,54,1,13,name.com,,
343536a5-0841-4a35-a833-e9d954a7d14b,parkin.store,premium,156.25,,59,8,7,name.com,,
3524b4f5-bace-47ee-8d05-2e4d7c20a260,filewith.store,available,2.99,,68,2,9,name.com,,
360338af-6d75-424d-bc48-9994ecbeff66,PopeGregoryI.store,available,43.98,,28,1,14,namecheap,,
36aa853b-0308-4627-925c-c2427cd40989,bonfires.store,available,2.99,,60,4,8,name.com,,
371d2e8c-0e5c-4342-a21d-3390fc6d396a,letsgo.store,resell,,,57,31,7,Squarespace Domains LLC,17/01/2024 00:06,17/01/2027 23:59
376a5586-bda8-469d-8801-48abff53a094,gobust.store,available,2.99,,68,1,7,name.com,,
3797a24b-7ca4-4003-8033-ed83e1a04170,manyhappyreturns.store,available,2.99,,46,2,18,name.com,,
37b86290-c1f4-4abe-a0c8-4c7387fa67e7,uncared.store,available,2.99,,57,1,7,name.com,,
38b40b6e-bf45-4499-b37d-af2df312a10f,feeltheburn.store,available,2.99,,76,2,13,name.com,,
38dec5f3-bbb3-4405-bc7b-f4710fb5ce95,failed.store,premium,156.25,,60,11,6,name.com,,
39c65c79-3ae8-4efa-85f6-d4ac0b731c2e,Iseeyou.store,resell,,,58,23,9,"Sav.com, LLC - 25",02/02/2026 10:10,02/02/2027 23:59
3a4599a5-64b1-4a26-8909-f88ae7928ab9,WorldWarIII.store,available,43.98,,48,3,13,namecheap,,
3abe03b4-bfe8-475f-8396-b02975ffe833,slipdress.store,available,2.99,,76,1,10,name.com,,
3ace40e6-5267-4294-bcd7-34ce8e5c458d,doesnotcompute.store,available,2.99,,40,3,16,name.com,,
3b372032-44ef-4e65-9dfa-68529e865fd1,monopolizing.store,available,2.99,,40,1,12,name.com,,
3c17eeec-e849-4a37-83f9-4adb3fdaed1f,bandits.store,premium,312.5,,40,10,7,name.com,,
3cade3d2-b1b3-44c2-a780-ae9859215013,mouthed.store,available,2.99,,63,1,7,name.com,,
3d1b1fac-4ae6-4a1e-b99e-e920cff16592,TheMall.store,resell,,,68,10,8,"GoDaddy.com, LLC",24/09/2025 20:20,24/09/2026 23:59
3dc6d3c6-3ea6-4177-a62c-3c474f8b5923,prowlers.store,available,2.99,,40,2,8,name.com,,
3e2d20f6-e3d3-453b-be6b-ce7b5db0be8e,gofigure.store,available,2.99,,54,7,9,name.com,,
3f5e9a9f-7ae3-4c10-b881-f0d2b58f784e,GodtheHolyGhost.store,available,43.98,,58,1,18,namecheap,,
3f5ffdd4-96ef-4aac-ae9e-7f04189f5ccf,allthetime.store,available,2.99,,60,3,12,name.com,,
3fe151d6-86bc-4c4d-b1e6-a4adfece78ed,sitaround.store,available,2.99,,66,1,10,name.com,,
40e45ea8-44ce-43f7-9e26-c89d7513a7c7,mathematics.store,premium,781.25,,68,19,11,name.com,,
41fafade-d89f-4890-bdce-234183ac4c75,howtheheck.store,available,2.99,,48,1,12,name.com,,
42b97f16-aca4-461d-85fe-4f2dd85825a7,floodwaters.store,available,2.99,,56,2,11,name.com,,
42cb8293-860c-41b0-bc7d-3e378c5867f7,storms.store,premium,781.25,,60,10,6,name.com,,
431dca7d-dfaf-4fa9-af6b-2346c83e1052,divorcing.store,premium,156.25,,46,6,9,name.com,,
4361ff3a-44f4-490f-8b3c-555e3ad838fd,wives.store,premium,78.12,,62,6,5,name.com,,
44858142-ebb0-40f4-9350-6f7a4b09e484,oppositions.store,available,2.99,,48,2,11,name.com,,
44906700-65bb-44e9-b26b-f3fb5304e3d6,notsomuch.store,available,2.99,,46,1,11,name.com,,
45ef33fe-609b-4cd1-9664-e783a8e1eda9,tirades.store,available,2.99,,46,1,7,name.com,,
465a7f0c-a144-4481-aed0-4a23df756abd,LordofHosts.store,available,43.98,,54,2,13,namecheap,,
4699aa6a-2c4b-47b3-ab99-3406aeb4c18e,shoveover.store,available,2.99,,59,1,10,name.com,,
46a72def-eb4f-48ca-b1af-5277e89851a8,goballistic.store,available,2.99,,68,2,12,name.com,,
46abfa2a-bb45-49fe-96c9-d6eee1c8aa8c,waitforit.store,available,2.99,,43,4,11,name.com,,
47233df3-4623-4d5f-b5e1-4b105d87e7f0,sanctions.store,premium,78.12,,52,8,9,name.com,,
4768f3c8-6708-4bd9-b7b4-39b95345b522,artgalleries.store,available,2.99,,57,4,13,name.com,,
4796ad8a-a94d-40bb-becd-a80dbd007bc5,tbsp.store,premium,156.25,,63,5,4,name.com,,
47fe7522-975e-47c2-ac94-00a7c5a3b5e4,useup.store,available,2.99,,72,3,6,name.com,,
483ec6d0-ae6e-4360-8f2b-3bdc0a012fe7,blewit.store,available,2.99,,44,2,7,name.com,,
48bed1e4-dd29-4c0a-bee9-2ad52bdee64d,gomad.store,available,2.99,,70,5,6,name.com,,
49f5670c-6d2d-4f9b-938a-da59a3626189,axes.store,premium,781.25,,36,10,4,name.com,,
4b199656-2171-47c8-a865-0b04104deac2,havenobusiness.store,available,2.99,,60,1,16,name.com,,
4cf6c90a-a00a-47d8-8407-5f603d35547b,disappointments.store,available,2.99,,30,1,15,name.com,,
4d3fe07d-a654-4043-86b4-6f5157bb8bb8,letterart.store,available,2.99,,74,2,10,name.com,,
4d56e75c-4189-4433-915c-83667d2e7a18,shouts.store,available,2.99,,47,5,6,name.com,,
4e322d5a-d7f4-4c82-9f2a-df090d79cbcb,Cathy.store,premium,875,3500,66,14,5,namecheap,,
4e594871-8fd7-41f7-ab51-6f83432f276e,devours.store,available,2.99,,40,2,7,name.com,,
4e6f8cb7-9a0e-42a7-922d-f2f7b7f62962,victims.store,premium,156.25,,42,5,7,name.com,,
4ec4f815-2720-4fc0-a61f-c776f0b3dc33,pegs.store,premium,78.12,,48,8,4,name.com,,
4f35a31a-5a83-4c05-b1ca-accf2fafc4d8,defaulted.store,premium,78.12,,42,2,9,name.com,,
4fc32c79-b828-45ab-a75f-94092f307489,Phillip.store,premium,875,3500,70,14,7,namecheap,,
50576218-0bc7-4856-95ca-e27fe90f65de,Jody.store,premium,,,74,10,4,,,
51cec5c6-e1ee-4030-a4ab-96c9b9bfee82,studs.store,resell,,,69,7,5,"GoDaddy.com, LLC",15/02/2026 13:52,15/02/2027 23:59
53551d97-e750-43c5-809b-1d023809170c,finalreckoning.store,available,2.99,,58,2,15,name.com,,
53711bbc-da53-4b66-888a-4a8af133e766,letusgo.store,available,2.99,,57,4,9,name.com,,
53a034cd-48c6-423b-8b38-28b94b46c980,unsettles.store,available,2.99,,43,1,9,name.com,,
54a3d425-c147-4eea-b790-c0692f795467,paintthinner.store,available,2.99,,56,1,13,name.com,,
555348dc-adac-492e-b5b4-78b1bd1c2e5c,proxyfight.store,available,2.99,,44,1,11,name.com,,
5579016a-5a93-44d1-aadc-27a21a69f495,divinejudgment.store,available,2.99,,47,1,15,name.com,,
55bb4907-7a5a-443c-82cd-9c59fd005ef8,backalley.store,available,2.99,,62,5,10,name.com,,
56966181-187c-48c4-ac31-656d8b6c4607,toexcess.store,available,2.99,,55,0,9,name.com,,
57f3ca09-0b7a-4894-9eb7-ec1d9a3fb2a6,makewaves.store,resell,,,78,8,10,"GoDaddy.com, LLC",18/04/2026 05:32,18/04/2027 05:32
58225dab-bf1e-425e-a683-f24eecd5b9b5,gomissing.store,available,2.99,,70,1,10,name.com,,
5a9d87e3-5b2f-469d-a844-931299a59d0e,peed.store,available,2.99,,54,4,4,name.com,,
5aef6f91-c505-40f5-ac93-3c431a969cde,enginehouse.store,available,2.99,,68,4,12,name.com,,
5b6575c5-5643-436c-b282-c2b40628900b,somuchfor.store,available,2.99,,46,0,11,name.com,,
5b84bd45-3a0a-4801-9d88-8ec36874fd63,foes.store,premium,78.12,,46,6,4,name.com,,
5c1aeb16-d15b-4548-9faf-261478997a2b,uptoanything.store,available,2.99,,52,1,14,name.com,,
5c6427d2-b65b-4382-b271-3b9c7c64e45a,reps.store,premium,312.5,,73,16,4,name.com,,
5ccdd559-32ec-4eba-8792-5203b40e7c76,comeundone.store,available,2.99,,66,2,11,name.com,,
5d114cee-37e0-4cad-a799-62e4f4206fba,goeasy.store,resell,,,76,11,7,"GoDaddy.com, LLC",03/12/2025 01:20,03/12/2026 23:59
5d32c9ad-6249-4a0f-bf68-c9f86e2c3f39,amplifiers.store,available,2.99,,56,4,10,name.com,,
5e555f31-2c3f-41e0-811f-9d55ca39138b,hangbyathread.store,available,2.99,,56,1,16,name.com,,
5e738d20-0a17-43a2-9991-444d7483adf0,gonuclear.store,available,2.99,,68,3,10,name.com,,
5f4dbd60-2e4b-48dc-8955-d47310ebd565,generalpublic.store,available,2.99,,66,5,14,name.com,,
5f8e47f5-ea2e-40fc-babb-87a3b77c69a1,spillover.store,available,2.99,,68,4,10,name.com,,
5fa74f0f-6bba-4625-843b-b339226a7c43,gotothewashroom.store,available,2.99,,56,1,18,name.com,,
60937f0b-cdf4-481a-99d0-4905ee9128ad,alcoholusedisorder.store,available,2.99,,48,1,20,name.com,,
60a0490a-438b-4421-8ecc-40d59cece357,rumorhasit.store,available,2.99,,47,2,12,name.com,,
63099aa3-11a1-4f3e-b3fe-24d178915a5b,buzzed.store,resell,,,72,13,6,"GoDaddy.com, LLC",06/04/2026 10:42,06/04/2027 10:42
6337f8ab-0a55-4908-9c58-d5cb54185857,getrid.store,available,2.99,,56,3,7,name.com,,
638cfaa3-0840-47c6-a2f6-3d144fe6627a,cloves.store,available,2.99,,60,5,6,name.com,,
64a0b898-c0a1-4756-b29d-3caccfcd1d83,Lordknows.store,available,43.98,,66,2,10,namecheap,,
64cad625-ef04-4b6f-8268-eddb22d67e6f,keepunder.store,available,2.99,,66,1,10,name.com,,
653c85c8-7506-463c-a734-d232be538d55,getsome.store,resell,,,76,19,8,Dynadot Inc,12/02/2026 01:32,12/02/2027 23:59
65a003ff-26c1-48f9-9f14-ff930632df7c,turnorburn.store,available,2.99,,56,1,12,name.com,,
668ade6a-46e3-4a94-8054-f4f4498ba1b7,rubbed.store,premium,78.12,,62,2,6,name.com,,
66f3df6f-a2a3-467a-a38c-408e7be2419f,difficulties.store,premium,156.25,,70,3,12,name.com,,
681a4de1-8be7-4f48-8358-d9b2ed1b019b,golong.store,available,2.99,,74,6,7,name.com,,
6820355f-6a66-4aff-99ad-da6550738057,goAWOL.store,available,43.98,,46,2,7,namecheap,,
69f0c607-ecb1-4f12-b6e9-dcb0a877b05d,nowornever.store,resell,,,68,11,12,"GoDaddy.com, LLC",14/04/2026 10:48,14/04/2027 10:48
6a07c190-bc15-4cdf-bfdf-7d4c8f57e460,readmylips.store,available,2.99,,52,5,12,name.com,,
6a526cf1-e778-421b-a49f-10bfd9cc337d,takeout.store,resell,,,75,16,8,Squarespace Domains LLC,08/03/2021 02:39,08/03/2027 23:59
6a614761-06ca-4dcb-b54a-97df1a3b68b3,sucks.store,premium,312.5,,48,11,5,name.com,,
6ae71d64-4927-4d77-a42d-198886de0ebd,counterattack.store,available,2.99,,64,3,14,name.com,,
6af9f7c9-32ac-446a-b829-b77d90ce2054,recessions.store,premium,78.12,,46,2,10,name.com,,
6bcf18d9-d941-4485-b432-05cc0ef56d50,stormed.store,available,2.99,,50,3,7,name.com,,
6c7c2f61-a9eb-4ac0-9267-6e7c1058bf5a,carryout.store,available,2.99,,76,4,9,name.com,,
6d6a141f-86bf-4431-91b7-e227507dffe3,arrests.store,premium,78.12,,46,5,7,name.com,,
6e135f77-9756-45b9-8b28-b456340708e2,lies.store,premium,156.25,,60,12,4,name.com,,
6e216c0a-8d5f-4f1e-9695-25699a40e26f,mobs.store,premium,781.25,,42,10,4,name.com,,
6e8126f5-a918-4463-9a83-b245d6d6dcf0,Xrays.store,available,43.98,,52,5,6,namecheap,,
6f459048-588a-4b74-a274-1fcf767673fc,sockit.store,available,2.99,,70,5,7,name.com,,
7043f495-4b45-40cb-a142-51e13325edf2,parkingfine.store,available,2.99,,46,2,12,name.com,,
7094c21e-5586-4820-9036-4959c82af2e3,makesense.store,resell,,,82,14,10,"GoDaddy.com, LLC",22/04/2025 01:06,22/04/2027 23:59
711814e2-f746-4ee4-9c04-703c0a458bc9,tapinto.store,available,2.99,,68,11,8,name.com,,
720d5dce-4046-4a86-9ef1-4676a5ec2a7c,surebet.store,resell,,,82,8,8,"GoDaddy.com, LLC",25/12/2025 01:43,25/12/2026 23:59
72bcb91b-a2c5-408e-80cf-8399914014f1,grandad.store,resell,,,80,3,7,"NameCheap, Inc.",17/05/2023 16:23,17/05/2026 23:59
72f840b8-316b-4f82-9050-0a579b920d33,wheels.store,premium,312.5,,76,20,6,name.com,,
732227ee-cc10-4728-975d-4a06f602a17d,goawry.store,available,2.99,,66,0,7,name.com,,
73c0ef1e-e815-41b6-a077-860a6e65d75a,getready.store,resell,,,88,11,9,"GoDaddy.com, LLC",24/06/2025 08:18,24/06/2026 23:59
74639e75-baa0-47d6-80c2-c72d5c5ab164,makeme.store,resell,,,56,13,7,"GoDaddy.com, LLC",05/01/2026 08:06,05/01/2027 23:59
749afd93-dbda-45e6-9f4a-e70c4596f79b,motorvehicles.store,available,2.99,,42,1,14,name.com,,
74d162c1-5209-41de-8279-e065a5c5e1ea,FinalFour.store,available,43.98,,82,3,10,namecheap,,
74e067ff-6331-4ef5-9a58-6b533e49b9f7,cheesedown.store,available,2.99,,62,0,11,name.com,,
751bf810-046f-4e7c-860a-9bc827e807a0,chaitea.store,available,2.99,,86,3,8,name.com,,
7551a541-100a-4db9-86d8-c35fc371e126,thanksaton.store,available,2.99,,62,1,12,name.com,,
755b7fb9-7b9c-40b4-961e-d93d32d6d6c0,RedSox.store,resell,,,72,60,7,Dynadot Inc,10/06/2025 04:23,10/06/2026 23:59
76099f8b-b520-4495-b8e8-e3780a613953,floods.store,premium,78.12,,38,6,6,name.com,,
762b5bf2-0c25-43da-a494-9bbeebb0e8c9,barbedwire.store,available,2.99,,66,3,11,name.com,,
77417543-003b-4c6d-828c-fd618c786a32,ratios.store,premium,78.12,,46,5,6,name.com,,
78b9101a-e0e2-41d3-acd1-e74df7b87ca8,goingbad.store,available,2.99,,46,1,9,name.com,,
78d1921c-362a-453b-ba1e-2e4fe77b7948,havetheblues.store,available,2.99,,58,1,14,name.com,,
794d708b-0df5-4d12-8b90-ff7cab861b06,gototherestroom.store,available,2.99,,56,1,18,name.com,,
79b8adcb-8cbb-428e-9469-dc197f925910,nauseousness.store,available,2.99,,58,1,12,name.com,,
7a04aa43-4b4a-4aa7-b4af-94515765c8ea,quitting.store,premium,156.25,,54,4,8,name.com,,
7af0fd9f-6638-40af-95db-aadd25628cdb,reprimanded.store,available,2.99,,42,1,11,name.com,,
7af480bf-5852-49b2-aaeb-9f9e890d104a,biases.store,premium,78.12,,42,3,6,name.com,,
7b4f3343-f2b4-45a4-8491-7d898f47c8bf,strangers.store,premium,156.25,,46,9,9,name.com,,
7b9191ce-d668-42cb-ba23-496069b46730,proxybattle.store,available,2.99,,44,1,12,name.com,,
7c05b6b0-0f6c-4efb-9428-f2d674a9c084,Iwish.store,resell,,,58,12,6,Dynadot Inc,01/02/2026 12:32,01/02/2027 23:59
7d4e4ffa-3edc-4cee-bc0a-a413b19db3bf,gonegative.store,available,2.99,,66,1,11,name.com,,
7e6fee5b-195d-4551-af07-d00d63284e05,zombies.store,premium,156.25,,44,11,7,name.com,,
7e8797a0-59c1-44e2-88a8-ca7236745954,fullfrontalnudity.store,available,2.99,,48,1,19,name.com,,
7fb5655b-de01-47d0-a610-5f0e3e185d5b,rubs.store,premium,78.12,,52,6,4,name.com,,
7fb84ff2-0fb6-4cf9-9837-e8bd87cba6ec,sweatshop.store,premium,78.12,,56,8,10,name.com,,
810e6667-52f8-41f7-a86e-1b01a4356401,collapsing.store,premium,156.25,,38,3,10,name.com,,
81cdb2e6-b8bc-4a56-a9c7-b63d74166c20,seeyoulater.store,available,2.99,,54,12,13,name.com,,
8214f4c3-6574-4c40-9202-35be539faf62,defaults.store,premium,78.12,,44,7,8,name.com,,
832b3034-8f7a-4454-9763-d7bffc6a387d,gonowhere.store,available,2.99,,62,2,10,name.com,,
8339970f-a16a-4a62-8998-eef15540d328,goberserk.store,available,2.99,,68,1,10,name.com,,
8445fcc6-ea3b-4a14-b50e-32af9f8269cf,headout.store,available,2.99,,82,6,8,name.com,,
8448167d-3f39-4a15-bb67-730b0a2a4b7f,mortars.store,premium,78.12,,40,2,7,name.com,,
845a1bde-9f32-401d-8b34-05ba9821a636,smashinto.store,available,2.99,,38,0,10,name.com,,
853e4383-14ec-4ea3-a248-360df76a6bec,alcoholaddiction.store,available,2.99,,50,3,17,name.com,,
853edd18-8f11-4457-a062-c9071db9133d,traps.store,premium,78.12,,68,7,5,name.com,,
8646b8b6-e2b8-47f3-884e-b998b03311c7,segregation.store,premium,156.25,,62,2,11,name.com,,
874fb51a-e316-4b94-8cbf-f05b472aaf3a,redial.store,premium,312.5,,71,6,6,name.com,,
87d525d8-9128-485c-b7af-ae4eca48ed3f,ghosts.store,premium,312.5,,48,14,6,name.com,,
89989173-c8e2-459d-9ae3-8316417503f5,turds.store,premium,78.12,,38,3,5,name.com,,
89a223e5-e605-46db-bbac-0eee61cf5aa9,bebothered.store,available,2.99,,63,1,11,name.com,,
8a67fa37-bec5-4ea4-bf9c-d50e2eadfa45,sneezed.store,available,2.99,,47,2,7,name.com,,
8b3787f6-8757-4d86-8eca-40ea5380bb9d,risks.store,premium,78.12,,43,10,5,name.com,,
8b6cfc84-0a5d-4473-b3ae-75713f621fe7,gettingeven.store,available,2.99,,48,1,12,name.com,,
8b866263-a757-4975-82e2-60445847329c,believeme.store,available,2.99,,68,3,10,name.com,,
8ba95d89-e592-40ca-a8a7-079cc85e7a2e,indanger.store,available,2.99,,60,1,9,name.com,,
8bbca49d-dd4a-4f7e-9754-b74604a342c9,takealeak.store,available,2.99,,63,1,11,name.com,,
8d2db519-4247-4ea6-a85b-46307e1d0e2b,threats.store,premium,78.12,,44,8,7,name.com,,
8d8f8b17-47d2-495f-b36c-7ca22e84e598,takeanap.store,available,2.99,,73,2,10,name.com,,
8f981f52-79c4-4ef6-be0f-3d22707ad43d,guns.store,premium,3125,,68,22,4,name.com,,
9100c025-36c6-4325-ae96-96e35a7494de,blewagasket.store,available,2.99,,34,1,13,name.com,,
91857cc1-2e63-454d-acb9-ad97af009b29,rashes.store,available,2.99,,40,3,6,name.com,,
930e1ecc-6853-42a4-8daa-cccac868de71,neighbourhood.store,resell,,,70,14,13,Xin Net Technology Corporation,13/08/2024 08:20,13/08/2026 23:59
939308f0-cf9a-4aae-b7c8-b144d223ae83,officehours.store,available,2.99,,75,10,12,name.com,,
9431943d-bbe3-4c44-883d-9835eb2994b0,stepbystep.store,resell,,,62,14,12,"GoDaddy.com, LLC",04/01/2026 09:14,04/01/2027 23:59
945a1a0f-eca7-474d-866e-2a05aa616951,punched.store,premium,78.12,,50,3,7,name.com,,
9498d00d-2051-4092-b993-112f9f473c2e,proxymurder.store,available,2.99,,36,1,12,name.com,,
94998afc-f9d7-4e5e-bd00-cea682753bb3,instep.store,premium,78.12,,72,7,7,name.com,,
94d4ae91-ed9e-45f3-93c1-a40ec6ef0fd0,poolside.store,resell,,,76,14,8,Dynadot Inc,08/02/2026 01:37,08/02/2027 23:59
954e04e8-133c-426d-9b6d-2d6d586a6b4a,motorrace.store,available,2.99,,56,2,10,name.com,,
95790dfc-718d-4ec6-9cf3-87472b8b22eb,packingtape.store,premium,78.12,,70,2,12,name.com,,
960d259f-50ec-4f54-830f-63d987ef2737,waitup.store,available,2.99,,63,2,7,name.com,,
966f5731-ee50-400f-9f9f-2705282e721f,slipoff.store,available,2.99,,65,1,8,name.com,,
96b24c67-f950-4645-8e6b-e0b82244b79f,jetlag.store,resell,,,72,17,7,"GoDaddy.com, LLC",08/09/2025 02:51,08/09/2026 23:59
96fb6438-e59d-4987-bef7-2b7bb4e6addf,throats.store,premium,78.12,,44,2,7,name.com,,
97196742-719d-4729-a782-d372b1dc969f,backtaxes.store,available,2.99,,62,3,10,name.com,,
97fd0d0a-ab2b-4a47-81cd-871bf4b6bdfa,cocks.store,premium,78.12,,56,10,5,name.com,,
984ba886-5188-4821-b5dc-778cc08b754e,alcoholpoisoning.store,available,2.99,,48,1,17,name.com,,
98c66a35-a470-4e8a-a41a-2d2ac5fa9b48,Googler.store,available,43.98,,80,6,7,namecheap,,
98d938ba-c958-48da-96de-3bad6ac7cf46,terrifies.store,available,2.99,,39,1,9,name.com,,
98f029d7-f433-4b39-b974-7189e32cc61c,waitout.store,available,2.99,,63,1,8,name.com,,
99b16d9e-53c0-4376-98de-5ceae97fb225,flipflops.store,resell,,,52,5,10,"GoDaddy.com, LLC",03/12/2025 15:14,03/12/2026 23:59
99dbdee7-083e-487b-b62d-5612ecce1605,drivethru.store,resell,,,76,11,10,"GoDaddy.com, LLC",17/02/2026 07:41,17/02/2027 23:59
9a66c9c2-b6a7-4f06-ab06-934bfd33684f,carbonmonoxide.store,available,2.99,,54,4,15,name.com,,
9a754bee-eab5-46db-9dfe-0d48e02610b4,childsextourism.store,available,2.99,,30,1,17,name.com,,
9ad1d5bc-60dd-46fc-b065-92811b2931d6,fires.store,premium,78.12,,46,10,5,name.com,,
9b3d6eaa-c087-49ad-9df2-83f084490d5a,goingto.store,available,2.99,,56,6,8,name.com,,
9f5ec9f7-7236-4b05-b60d-a3cd96164f2e,uptill.store,available,2.99,,50,1,7,name.com,,
9f713cb7-9027-4e16-b9a6-885efeb0fc96,turnedoff.store,available,2.99,,42,1,10,name.com,,
9fa61b59-0c42-4878-989a-36d128bd1471,playin.store,resell,,,80,10,7,"NameCheap, Inc.",31/08/2025 14:46,31/08/2026 23:59
a03a727d-3083-46fc-823c-3566902e5bfa,filingfees.store,available,2.99,,46,1,11,name.com,,
a15f19fb-c0ef-4587-badb-b9f014600ae4,Ichooseviolence.store,available,43.98,,44,1,17,namecheap,,
a2caea53-fefe-42a6-8446-82a23388bce9,WorldWarIV.store,available,43.98,,52,1,12,namecheap,,
a36afef4-1426-4211-8fb2-3afe4956095e,counterfeits.store,available,2.99,,40,2,12,name.com,,
a4675c39-d2b0-4a69-b37c-7b6ec1a38dfb,toburn.store,available,2.99,,50,1,7,name.com,,
a547f718-208a-46e5-a472-585e89d80ba9,RomanEmpire.store,available,43.98,,86,4,12,namecheap,,
a5d19732-1cd8-43bc-9948-0eeee282e890,justsaying.store,available,2.99,,57,7,11,name.com,,
a5d721d9-8ea1-4344-a452-fba941463668,outofmyway.store,available,2.99,,34,1,13,name.com,,
a63d0985-dcff-440d-a1cf-a68aea0197bd,oranything.store,available,2.99,,44,1,11,name.com,,
a7606e73-b147-4714-8173-9a8b5e8f2d81,flashflooding.store,available,2.99,,52,0,14,name.com,,
a7f0db0f-480e-4d52-96ba-a4a3387105ce,nitpicking.store,premium,78.12,,58,1,10,name.com,,
a81cb14d-a07d-45d3-8690-9ab877593fdc,beridof.store,available,2.99,,46,1,9,name.com,,
a8363d72-2ef6-435a-8053-a5349eaca7c3,demotions.store,available,2.99,,46,1,9,name.com,,
a8398a77-e117-4e5e-aa85-531802be7026,gocrazy.store,available,2.99,,72,5,8,name.com,,
a8773839-ecf9-4b06-ba27-4a83570ee15d,sellthrough.store,available,2.99,,64,2,12,name.com,,
a881bf26-3b7f-4755-ae9d-56d05ba7f5b3,deeplearning.store,resell,,,74,23,13,"GoDaddy.com, LLC",20/04/2026 03:15,20/04/2027 03:15
a8d17da7-7719-4d8d-8e90-7c11f0983bf0,HoChiMinhCity.store,available,2.99,,64,7,16,name.com,,
acba7840-503d-44b5-9080-d7a84c78b204,keypress.store,available,2.99,,76,5,9,name.com,,
ad40d71d-413c-4b9d-acb3-77f92e9154d1,collapses.store,premium,78.12,,38,1,9,name.com,,
ad82495d-105a-4136-90e1-05537fa04d78,childmurderer.store,available,2.99,,30,1,14,name.com,,
ad86da5d-b571-4269-832a-972ca2ba2e99,childrapist.store,available,2.99,,38,1,12,name.com,,
ae010543-fa14-45da-9b84-e28beaee1361,pumpup.store,available,2.99,,76,5,7,name.com,,
afc745fa-2017-491a-bf00-d0afe5af5836,MiddleAmerica.store,available,2.99,,54,2,14,name.com,,
b08db929-6c2c-4460-9921-1b00ac8315ae,disobeying.store,available,2.99,,46,1,10,name.com,,
b0cce5b3-1edb-4d3b-903c-23e8c3efdc00,noses.store,premium,78.12,,48,3,5,name.com,,
b29e2d50-2138-462c-968c-08fd8d2a0378,scoopup.store,available,2.99,,68,3,8,name.com,,
b3469dd3-95e7-4d44-9888-9391e0e9f9ff,chiefofstaff.store,available,2.99,,60,9,14,name.com,,
b3a4acd3-a265-48ff-8862-773c6a231d34,lightup.store,resell,,,82,15,8,"GoDaddy.com, LLC",11/12/2025 12:06,11/12/2026 23:59
b47a2247-525d-4113-bb16-0698097a41ab,travelagency.store,resell,,,68,9,13,"GoDaddy.com, LLC",03/02/2026 08:09,03/02/2027 23:59
b47e89e8-35ba-487c-adcb-da426f645b54,OrangeCounty.store,resell,,,66,11,13,"GoDaddy.com, LLC",03/11/2025 08:11,03/11/2026 23:59
b4a48281-6d86-4e7b-9a5a-8e229e989ab5,overwith.store,available,2.99,,60,1,9,name.com,,
b4bb2fb9-ac42-4042-8548-8c27a02da2ec,thedamn.store,available,2.99,,38,1,8,name.com,,
b54c0521-3288-460e-900f-bde93ca80641,distresscall.store,available,2.99,,32,1,13,name.com,,
b57bdb47-eac6-4ce7-93e3-464b9bdaed04,fundamentalism.store,available,2.99,,58,2,14,name.com,,
b595b847-2f9e-44ff-9f2d-cbe351f7d755,havenoneofit.store,available,2.99,,56,1,15,name.com,,
b78a399f-bc2a-421f-8230-102b5b42b00f,inpower.store,resell,,,47,10,8,Dynadot Inc,01/02/2026 04:28,01/02/2027 23:59
b7a2da02-06dd-45cc-b62d-a067b90df3bd,germs.store,premium,78.12,,40,5,5,name.com,,
b84c89b9-78a3-4c8e-b6cf-868e5f58ca4b,conflicts.store,premium,156.25,,66,5,9,name.com,,
b84c9e20-81c2-415a-846a-c587a4ca9113,asset.store,premium,,,72,34,5,,,
b876f627-afed-4809-9331-acfcca62610b,paperingover.store,available,2.99,,53,1,13,name.com,,
b929711a-0022-4ec7-8b3c-718e85815014,thereaway.store,available,2.99,,58,1,10,name.com,,
b9afd5c4-0315-46b3-9090-9b56cdf63ae4,onthemove.store,resell,,,72,10,11,"GoDaddy.com, LLC",24/09/2025 19:08,24/09/2026 23:59
ba10dd05-8ded-440b-9c53-91ad8ec277ce,sawoff.store,available,2.99,,60,1,7,name.com,,
bade7ed0-47b0-409c-a47b-55e520703fbf,darkweb.store,resell,,,52,20,8,West263 International Limited,05/10/2025 17:07,05/10/2026 23:59
bb1b288b-47ed-453c-ad84-ac15fb683186,gohome.store,resell,,,76,14,7,Dynadot Inc,01/02/2026 12:58,01/02/2027 23:59
bb450d82-fd93-4313-9719-3d8b0304d878,deaths.store,premium,78.12,,50,6,6,name.com,,
bb59fb95-7b9e-43b3-b6ac-1503b5963c71,blazeaway.store,available,2.99,,76,1,10,name.com,,
bd6290f7-63fe-44a8-a8ca-f1f60dc71d87,worldsapart.store,available,2.99,,64,3,12,name.com,,
bdf2eb9e-72de-48a9-96a3-06037f54ed5e,ohmygoodness.store,available,2.99,,50,4,14,name.com,,
bf9f4968-3f4c-4d11-afcf-02e397b086fc,prejudices.store,premium,78.12,,38,1,10,name.com,,
c21e4dd0-f64a-4ab0-ab04-81752b1cf51c,poreover.store,available,2.99,,62,1,9,name.com,,
c234494b-63f1-4e6a-b57a-4d7d93a72c6a,postponement.store,available,2.99,,57,1,12,name.com,,
c39f3ffe-4785-4299-a846-593ba0ad1803,smash.store,premium,,,60,30,5,,,
c3a1bcad-546a-4203-9e89-4450db958353,NewTaipei.store,available,43.98,,73,3,10,namecheap,,
c4a0748c-eca2-4266-9879-f45a1c7c3b83,woes.store,premium,78.12,,46,4,4,name.com,,
c4a2284c-fee1-42e1-92ba-3424f2a0f0a0,makeupartist.store,resell,,,76,5,13,"GoDaddy.com, LLC",04/07/2025 09:37,04/07/2026 23:59
c58f5c91-30a8-42dc-8eb4-e71e85716cc1,counterterrorism.store,available,2.99,,52,3,17,name.com,,
c59b1d86-ca61-418e-942b-c733bd753c75,filetype.store,available,2.99,,64,3,9,name.com,,
c63aa09c-e8ee-4801-a126-24b5f8c10946,gotosleep.store,available,2.99,,72,3,11,name.com,,
c64dca93-1f4a-4642-8c6b-c7a88c4fc397,hillclimbing.store,available,2.99,,68,2,13,name.com,,
c7e07609-d10c-43e4-9403-98f778d55d67,TyphoidMary.store,available,43.98,,59,1,12,namecheap,,
c89c7793-5f0e-4f92-9cd9-c78931556863,twits.store,available,2.99,,46,3,5,name.com,,
c924794d-d886-4757-a15b-2f5a41ebbc65,dusts.store,premium,312.5,,52,3,5,name.com,,
c943ac43-1e2d-426a-9b5d-547c4dd90b97,sameoldstuff.store,available,2.99,,34,1,14,name.com,,
c9b9b21f-ba85-4ff6-b7d0-1919debc5dae,notarypublic.store,resell,,,66,11,13,"Sav.com, LLC - 50",25/01/2026 13:14,25/01/2027 23:59
c9dbbd30-5206-4ed5-bbcf-995ebdcd94ed,stoppers.store,available,2.99,,52,3,8,name.com,,
c9f38945-a287-47b7-b17e-6e91a8c98e9f,slipitto.store,available,2.99,,64,1,10,name.com,,
ca20906c-a166-41fd-bef3-d0e2b8f7e43a,wars.store,premium,781.25,,48,10,4,name.com,,
caa994af-d481-480c-b3d5-2fb5a4d60bbf,littlepeople.store,resell,,,70,4,13,"GoDaddy.com, LLC",13/11/2025 21:44,13/11/2026 23:59
cb22ffc9-82a9-4c72-bffe-c8f0013af50a,parkup.store,available,2.99,,59,4,7,name.com,,
ccf5daf7-7834-464d-8424-87d72e2a76d2,diseases.store,premium,156.25,,40,5,8,name.com,,
cd018dae-bd53-4bd5-82dd-3fb45cfd212b,demoted.store,available,2.99,,46,1,7,name.com,,
cd604a49-88c7-4ffb-a490-e427e8264a14,multipurpose.store,premium,78.12,,54,4,13,name.com,,
cd65d3a8-dbe4-4601-ba5a-b257367e6b0c,keepfrom.store,available,2.99,,52,1,9,name.com,,
ce45e7f1-a231-4349-b18c-e834e7b53c4d,upandabout.store,available,2.99,,66,1,12,name.com,,
ce528bcd-f84e-4253-9f0a-5765622a321d,cements.store,premium,78.12,,56,3,7,name.com,,
cef15fa9-d479-4bd0-aadc-e886a6ca05bd,somuchso.store,available,2.99,,50,1,10,name.com,,
cf701258-9bdc-4b12-953c-e7cd1cc4c477,ElNino.store,resell,,,66,8,7,"GoDaddy.com, LLC",24/09/2025 19:09,24/09/2026 23:59
cf7afbb3-7a4d-46e9-86ee-57bd6d806ae0,smashup.store,available,2.99,,58,5,8,name.com,,
d0867648-54b3-4561-b92d-e9bc30981d91,finalstraw.store,available,2.99,,66,2,11,name.com,,
d0bb4939-7470-4709-b72f-aa0a84b74910,howthedevil.store,available,2.99,,40,0,13,name.com,,
d0e3a450-5d03-4a1e-b515-ba1c90f9eeee,squalls.store,available,2.99,,44,2,7,name.com,,
d12991ca-0253-4a8e-be9e-88d8fdf6af75,saveup.store,available,2.99,,78,5,7,name.com,,
d2773645-e3c7-4b16-92bf-0d55a98b19a9,tieup.store,available,2.99,,71,3,6,name.com,,
d2e43a9e-fe6e-4929-8190-61169dc31ced,cuddleup.store,available,2.99,,89,4,9,name.com,,
d45448d0-7abb-4861-b5cf-d32cf0fe9baf,havethefoggiest.store,available,2.99,,54,1,17,name.com,,
d4d22223-9405-4765-9b26-d4563a36a33b,stuffit.store,available,2.99,,44,5,8,name.com,,
d5b5c778-fde7-4620-892c-89be8f67dd10,coaches.store,resell,,,56,15,7,"GoDaddy.com, LLC",30/05/2025 02:10,30/05/2026 23:59
d5f621d0-9857-48fd-a0af-38c41c53cdb6,structurally.store,premium,156.25,,48,3,12,name.com,,
d829aeae-fb90-4bad-b748-42ce0b75fa42,smashdown.store,available,2.99,,58,2,10,name.com,,
d8f81078-c19f-4d8d-ae7c-ff196e754218,flashfloods.store,available,2.99,,42,1,12,name.com,,
d993b6fd-3016-407f-993c-c57383550cd9,bedamned.store,available,2.99,,38,1,9,name.com,,
d9d33b09-93c1-4c5e-8603-3f3e0aa886fd,demoting.store,available,2.99,,46,1,8,name.com,,
da0297b7-0398-4aa9-b28e-f1ca6e8b5d4b,allsorts.store,available,2.99,,52,5,9,name.com,,
da107b4c-a638-4b3b-b694-5dc5479e0622,slipthrough.store,available,2.99,,66,1,12,name.com,,
da8d3976-b97d-4b29-bd6c-d0c4400c12d8,todolist.store,resell,,,73,12,10,"GoDaddy.com, LLC",24/09/2025 20:14,24/09/2026 23:59
dac107c8-c3b8-47c4-b58c-33753568af87,getsick.store,available,2.99,,72,1,8,name.com,,
dbf569ab-436c-4983-b759-af82f5f1d99b,plaques.store,premium,78.12,,42,5,7,name.com,,
dcee1948-6cfb-47ec-a56b-cd3c206661bd,tryon.store,resell,,,77,13,6,"GoDaddy.com, LLC",04/01/2026 09:31,04/01/2027 23:59
dcf778af-34de-40ad-ba91-6c377ffe73af,wastes.store,premium,78.12,,50,4,6,name.com,,
dead2df7-9521-4449-a1e4-0e59f595fab7,giraffe.store,resell,,,78,22,7,Xin Net Technology Corporation,15/08/2024 23:47,15/08/2026 23:59
dec07edb-49fe-4781-85f0-5c6455a7d9fd,proxybullying.store,available,2.99,,28,1,14,name.com,,
df51ea82-ac96-4833-b4ee-d8a20299405d,clearup.store,available,2.99,,76,6,8,name.com,,
e09c5f22-ef35-494e-a1be-64d02694aae4,starkest.store,available,2.99,,40,2,8,name.com,,
e0eeeb19-9184-493a-8e7f-d7be0aa8a494,ontop.store,resell,,,66,14,6,Xin Net Technology Corporation,03/09/2024 08:10,03/09/2026 23:59
e2e47afe-7a69-401d-9038-c21f1dd8324c,childmarriage.store,available,2.99,,48,2,14,name.com,,
e2e53903-fbe8-4189-8c85-671d3ac97dba,printmedia.store,resell,,,78,6,11,"GoDaddy.com, LLC",07/11/2025 00:53,07/11/2026 23:59
e3354970-8b54-491b-835e-a1deffb319bb,highseas.store,available,2.99,,74,6,9,name.com,,
e3ec7f52-8180-4735-baed-a817e4bef06e,deteriorates.store,available,2.99,,38,1,12,name.com,,
e45a5cb7-97ba-4900-a8a8-0edc6cf39cd3,gonedownthetube.store,available,2.99,,30,1,18,name.com,,
e4aeb169-de8c-4b8c-a4a1-ed1cd997894c,offenses.store,premium,78.12,,40,2,8,name.com,,
e5360861-eb6a-40e9-8525-945c62f0679b,collapsed.store,premium,156.25,,38,3,9,name.com,,
e5531325-4c5c-4944-97f6-5bd8278f2f76,filetypes.store,available,2.99,,46,3,9,name.com,,
e5b06527-2454-40c5-89bb-23db793c4071,suspicions.store,premium,78.12,,43,2,10,name.com,,
e5cc25c2-1d51-47c9-8d6e-950c7a2f0e3a,disappoints.store,available,2.99,,36,1,11,name.com,,
e6cc3b0b-4cf4-451b-876b-59f9161d0084,GoodFriday.store,available,43.98,,72,9,11,namecheap,,
e6e7adb5-af73-4530-92e1-46f4629c3668,noodlebar.store,available,2.99,,62,2,10,name.com,,
e7c8e12a-ef1f-463a-8313-b9db6b319bc7,alcoholproblem.store,available,2.99,,30,1,15,name.com,,
e7e31586-5f29-4457-ae1b-9639cd879a26,costcutting.store,available,2.99,,64,3,12,name.com,,
e817b918-2fab-4a3e-9ab1-e232b83d05eb,sidewindow.store,available,2.99,,44,1,11,name.com,,
e82cd440-516b-4243-81e6-21240711834e,behindschedule.store,available,2.99,,38,1,15,name.com,,
e8a9c36a-898c-46a5-9ec3-ace4c1f7659c,gooutwithabang.store,available,2.99,,66,1,18,name.com,,
ea428401-a3ba-4c18-84f4-95148a2bd884,fails.store,premium,78.12,,46,7,5,name.com,,
eb4414de-ef27-431e-bd2c-559bd0362135,wafers.store,available,2.99,,54,4,6,name.com,,
ec153a73-dc1a-4b26-8d32-0fc36f5730cd,sparklingwine.store,available,2.99,,69,4,14,name.com,,
ed604aa8-f4d5-42a0-b74e-b824bc18dcb6,intune.store,resell,,,72,16,7,"GoDaddy.com, LLC",12/08/2025 20:30,12/08/2026 23:59
ee5927c3-3df7-424f-bda5-3d9448e84d91,keepitreal.store,resell,,,76,11,12,"GoDaddy.com, LLC",04/04/2026 10:53,04/04/2027 10:53
ef03b05b-027e-4f7e-b920-77c94150776a,proxyvoting.store,available,2.99,,62,2,12,name.com,,
ef29e649-6e57-4663-bd21-7eaf7072dbc7,artofwar.store,resell,,,69,7,10,"GoDaddy.com, LLC",06/02/2026 21:47,06/02/2027 23:59
efeb792a-a60e-475b-94b7-a04c95251763,leaks.store,premium,78.12,,46,15,5,name.com,,
f0c18ac2-98df-4a30-a823-8bee2d1e427d,massagetherapy.store,resell,,,76,8,15,"GoDaddy.com, LLC",05/01/2026 08:06,05/01/2027 23:59
f0f0291e-b604-4ca8-99c6-3495bd62c40b,givingin.store,available,2.99,,50,1,9,name.com,,
f0f87bad-683e-41f9-9409-a688f1f87dea,slowed.store,premium,78.12,,48,3,6,name.com,,
f1ab0bda-98ef-4c48-b87c-238971247500,godownhill.store,available,2.99,,68,1,11,name.com,,
f1cfd36f-2978-459b-92a9-727350add721,referto.store,available,2.99,,66,3,8,name.com,,
f1ee629b-b086-4ce1-943c-1a3401f61287,shortages.store,premium,78.12,,48,3,9,name.com,,
f34369e5-e2f8-4525-9866-b146354dbec4,lostandfound.store,resell,,,64,19,14,"GoDaddy.com, LLC",02/03/2026 02:16,02/03/2027 23:59
f389806d-a973-48cc-9e54-0938a7f817bd,fire.store,premium,,,70,74,4,,,
f3ef95f0-4c1d-47d0-b9f4-b33c5b797867,underprotest.store,available,2.99,,30,1,13,name.com,,
f5128d2e-6bcc-4ae5-900c-258c2f41f670,stuffyou.store,available,2.99,,44,1,9,name.com,,
f540d716-26dd-4f41-abd9-4dae4e4b6468,dustbunnies.store,available,2.99,,38,5,12,name.com,,
f5feb91a-b7ba-4a05-bd09-2e62a8798ed2,twentythree.store,resell,,,65,7,12,"NameCheap, Inc.",08/09/2025 01:15,08/09/2026 23:59
f61931ec-c3aa-4aa8-962e-12bde6e291d8,rioted.store,available,2.99,,44,1,6,name.com,,
f63cbd5c-fad3-4d2c-a447-8e1efad97e37,specks.store,available,2.99,,44,5,6,name.com,,
f7897f84-4959-4359-be6f-bdf97794d65f,Mikey.store,resell,,,70,21,5,"GoDaddy.com, LLC",21/12/2025 15:37,21/12/2026 23:59
f8e9b660-180c-470d-9a00-cef07cace0f7,overanxious.store,available,2.99,,64,1,12,name.com,,
f91c5fc1-7345-46bb-a687-18c360440d78,preliminarily.store,available,2.99,,41,1,13,name.com,,
fb11f440-3554-4b7f-84b4-15f1230edde0,takedown.store,premium,312.5,,74,11,9,name.com,,
fb3314a6-dd65-4aeb-82be-295170687966,scratches.store,premium,78.12,,60,4,9,name.com,,
fc3d83dc-2ebd-4699-bf7d-aef455ab3bec,skulls.store,premium,312.5,,44,8,6,name.com,,
fc50881c-3220-4f4a-a66a-c59f2138db0a,whats.store,resell,,,58,24,5,"Chengdu West Dimension Digital Technology Co., Ltd.",13/09/2022 15:21,13/09/2026 23:59
fcab31c0-f891-4c31-9f34-b549e7233dbc,squealed.store,available,2.99,,40,1,8,name.com,,
fce21eb2-a515-45eb-9a02-a7847d697fc3,aldehydes.store,available,2.99,,36,1,9,name.com,,
fd0fbb52-957f-41c5-817e-80ecc7c19d5e,demotes.store,available,2.99,,46,1,7,name.com,,
fd9677f7-8c1a-437b-8f51-ac64ab6584bd,webshop.store,resell,,,76,22,8,UM DOMAINS PTE. LTD.,01/02/2026 12:34,01/02/2027 23:59
fda03180-195b-46b9-9de5-b88bb0b86a66,gobankrupt.store,available,2.99,,68,2,11,name.com,,
feb2bb13-b44c-47ea-b841-3f04b347f23f,missionaccomplished.store,available,2.99,,54,3,20,name.com,,
febd0826-83c1-4ad0-af47-4d407dfae3fd,smashandgrab.store,available,2.99,,48,2,14,name.com,,
ff6e437d-0a72-472c-bc2d-6da5ac22b8ac,stepin.store,resell,,,74,8,7,"GoDaddy.com, LLC",30/03/2026 07:46,30/03/2027 07:46
ff70e544-2e19-4bd0-b72a-d4b2e5ab9262,keepoutof.store,available,2.99,,68,0,11,name.com,,
09baaf45-408d-4d8b-a371-d00b21e012d8,equivalencegate.store,premium,,,58,72,16,,,
eee597db-aeb7-41cc-8233-498f663fc98a,fiveandnine.store,premium,,,58,72,13,,,
7b043f34-c36e-4362-9955-0e30c48cdb56,acidless.store,premium,,,50,72,8,,,
1ea0116a-1a69-4f54-b435-5ef28ca92b3e,broker.store,premium,,,60,84,6,,,
261d9821-ac40-43f1-91b8-85f2aabe3078,gleamed.store,premium,,,42,16,7,,,
80cccfce-743f-48f2-ba35-1fac63deed9a,gigabyte.store,premium,,,56,84,8,,,
2dd337c7-ce02-4034-b654-48e4b7ba92bf,jointissue.store,premium,,,36,72,11,,,
cf2074c3-6ec9-4428-841e-74da91fe49be,hilling.store,premium,,,48,20,7,,,
ec73c86f-c52e-4368-95ed-a2005193f837,confidente.store,premium,,,58,72,10,,,
da834223-fd36-46f9-81f6-ca2bda7501eb,dummy.store,premium,312.5,1250,88,18,5,name.com,,
651d21ee-3750-4842-b190-c160094e5dd4,astrocytic.store,premium,,,34,1,10,,,
e3ccba11-a844-471e-8496-217eff9af85d,ambiguity.store,premium,,,55,72,9,,,
5215d622-5395-49ea-b2ed-9c4a5274d2a1,Kinslee.store,premium,,,52,68,7,,,
dfacbb8d-c2c2-4437-9ada-63b67415b4c4,inkpot.store,premium,,,58,84,6,,,
cfe18dc8-3087-44f4-89dc-b994b50e7ffe,lockers.store,premium,,,44,44,7,,,
f42287e2-7815-4a8c-8aeb-544498d63c45,hotsauce.store,premium,,,72,14,9,,,
d68a241f-646c-4252-a3c6-0fc862c2a6df,herbofthecross.store,premium,,,58,72,17,,,
d8fd2ac9-4799-4c62-8b2f-5498a519953a,immuneresponses.store,premium,,,48,8,16,,,
887e5edd-b7aa-4949-bdd6-ebcf87fc1300,tissuetyping.store,premium,,,,72,13,,,
c723afb5-fe9f-47c7-9b57-96bde228eda6,outofhand.store,premium,,,,9,11,,,
0d5dfb51-5020-41df-ba43-e93374d963b8,ChihuahuanDesert.store,premium,,,50,12,17,,,
4404559a-7588-4b34-ba93-cabc59338427,setforward.store,premium,,,,72,11,,,
70563346-42b0-4553-8348-809b53c74f4b,cutlery.store,premium,,,64,80,7,,,
7d5981f2-c2fd-4972-bf7d-4bfc5c5000db,pitot.store,premium,,,62,84,5,,,
142d03e2-c1ac-4a00-884b-c25c46fe0efd,organisationalchart.store,premium,,,60,72,20,,,
9784eb2f-dbfe-46d1-83ec-5954874a038f,naans.store,premium,,,,20,5,,,
2fd7ddb9-9eb5-4bdd-a245-f88d1402284e,miracleworker.store,premium,,,64,80,14,,,
fe62a5c5-7614-4fb2-8bb3-f1059064f31b,keyholesanddollar.store,premium,,,34,4,19,,,
331d8280-b24a-41fa-a7d5-fd82f62f6e51,speechbubble.store,premium,,,62,84,13,,,
f5186536-2faf-4b90-b8d3-4f9776098686,janissary.store,premium,,,53,72,9,,,
5831c74f-1b35-4a3d-a351-f472c64ccf20,cell.store,premium,781.25,3125,94,30,4,name.com,,
e37e8216-fc9f-4c3f-8e0f-158b2335056a,sheepness.store,premium,,,,72,9,,,
722e893f-6d69-4c78-91aa-c0c959a6cd72,shoewedge.store,premium,,,54,72,10,,,
75722d6e-fec7-4933-b775-d0316a944727,ZamaCity.store,premium,,,,72,9,,,
f1ae1d71-cceb-443e-8a8f-2e40fa7d0f55,ganges.store,premium,,,58,80,6,,,
5801f96e-d380-449d-93d2-3a35b4be7e43,fill.store,premium,,,68,16,4,,,
b0a35a01-6348-4a57-895e-c8a2d535f9b7,colognes.store,premium,,,40,28,8,,,
78b7fa04-908d-4dc2-b38e-2a74628c9de6,ontrain.store,premium,,,,72,8,,,
5152bbd6-2c51-41fb-87e8-42c253c1212f,timeofasking.store,premium,,,,72,14,,,
9a2da1a2-c499-4a7d-a420-f2c1a4930979,dishonour.store,premium,,,82,2,9,,,
50ca9486-55c9-4799-a5d2-ca446c4f0974,pantheist.store,premium,,,68,80,9,,,
f4a1c4d2-9dc0-4f01-8928-39fefb3fe20a,sonneteer.store,premium,,,80,72,9,,,
62f70c16-b414-49eb-a7bc-79267b44ad73,radiantenergy.store,premium,,,62,84,14,,,
244cec73-65bf-4005-88d6-cdd1b621ebcf,babyshoe.store,premium,,,72,72,9,,,
502fffbc-616a-4612-b399-ea1f0224740a,motormount.store,premium,,,54,76,11,,,
a0d4edb3-c14d-4c61-8a73-161e3e23ff79,diagnostician.store,premium,,,62,72,13,,,
11416f83-0375-44ce-8001-99636cc8db0f,wellused.store,premium,,,,72,9,,,
e493a822-aa22-4a81-b00e-49f3f145227a,cabbie.store,premium,,,60,72,6,,,
edcf0fda-4b1d-480f-a4ac-6eea5b33a366,iis.store,premium,,,48,80,3,,,
f2b12e2b-b07b-4677-857e-6cb4e460b281,audiontube.store,premium,,,56,72,11,,,
dff82397-2c74-4b19-835e-95954686fa02,orderer.store,premium,,,60,72,7,,,
1849312e-ee45-47fa-917e-df373c8b4d8a,enginegenerator.store,premium,,,58,72,16,,,
82dcf2e7-f5fe-470a-bd65-9e738ef31f29,primedirective.store,premium,,,60,80,15,,,
384eac68-6f07-4e4e-8a35-57dcfd33b804,attendancecheck.store,premium,,,36,8,16,,,
92854b1d-b466-42be-821c-f85161bd5b04,brunswick.store,premium,,,48,80,9,,,
9106cc64-6e67-4a29-bbc3-0600b644ffb4,retrospection.store,premium,,,58,72,13,,,
426c5e15-50a2-487e-8735-e425aef85250,halfcousin.store,premium,,,58,76,11,,,
9f470655-8a3f-4f9c-8a3c-6af0ad6c1754,makeinteresting.store,premium,,,76,1,16,,,
86a7abb6-8cf4-4208-8712-385061c2ad9b,bearings.store,premium,,,46,11,8,,,
682704e0-ae08-4eea-b0ae-9de7bbd7d7d1,codeword.store,premium,,,58,80,8,,,
8f436de7-e0e7-4769-919e-64b725e62c8f,crowdsurfer.store,premium,,,58,76,12,,,
11ae0ab0-652f-4819-b177-afb873bfaaf7,weeknight.store,premium,,,54,72,9,,,
f5e21345-2112-4b9f-8398-0e7b04ca74a6,bigheadedricerat.store,premium,,,52,72,19,,,
9bba4f89-9166-49e4-bf63-e04ccd72ab95,spotbilledpelican.store,premium,,,58,72,19,,,
f175c2fd-8193-473a-92e3-39392bd273ea,longitudinal.store,premium,,,72,76,12,,,
0502c2a1-ba5b-4f04-a9da-3cd8bf33bd5b,friendlessly.store,premium,,,42,4,12,,,
a15bb38f-926a-466c-8d77-5da369b044f2,potmaking.store,premium,,,,8,9,,,
2da095b5-943c-48a3-b929-5632b6a0c1d4,bolshy.store,premium,,,78,72,6,,,
63101ef8-ecdb-456a-a09f-1a56582bcc3f,Kizzuwatna.store,premium,,,48,72,10,,,
ddfbfdb6-85b7-41f8-8ec4-a3e3921bc0ce,prideful.store,premium,,,56,76,8,,,
9c48fcc7-25e1-4454-a103-7b5b98742e9e,nod.store,premium,,,70,84,3,,,
1975a3bb-56c1-4bd2-ae18-4a02c59dcfc0,megaproject.store,premium,,,60,72,11,,,
f1bb2ffb-2b33-4240-87ce-09b85e359f7e,Nuhaka.store,premium,,,50,72,6,,,
bc2112d5-1e85-4d3d-a74b-e169b7f1ab36,labda.store,premium,,,60,72,5,,,
74530e4c-7e66-4d54-9f34-ea54436fe569,aboulic.store,premium,,,52,2,7,,,
9db74277-bd1c-4d66-8326-ecce986b4e28,heater.store,premium,,,54,84,6,,,
29f34dcb-7dfc-4e1f-819d-b9e25a7109de,troopship.store,premium,,,52,72,9,,,
be939d3c-1bd6-4ace-80f7-da085cbb7890,childsexabuse.store,premium,,,52,7,15,,,
c395784d-0fca-401c-8d39-deeca8091c36,inducement.store,premium,,,68,72,10,,,
11da762a-2802-499b-996e-850e0d31d7b8,bigeyedbug.store,premium,,,34,4,12,,,
0c17c8d6-13ba-46db-bf94-10cbf70605bc,golfbuggy.store,premium,,,64,72,10,,,
ee04bd2e-d434-42c9-9e3a-b0bfc867d81d,Kingussie.store,premium,,,48,72,9,,,
a1a8330f-fd5a-4709-b1ed-b78843a78dd0,blondes.store,premium,,,40,28,7,,,
a922f6df-c531-4528-a5b7-19d11539c0a3,strikeanerve.store,premium,,,,72,14,,,
e70723c8-c224-4133-a9d2-f7b8a3bf828a,showbiz.store,premium,,,70,76,8,,,
6f7ef10a-57e7-4b47-ae67-49f95fe3b944,cluck.store,premium,,,50,88,5,,,
c64ca8ed-519e-4ac4-8d20-f416a16fc630,demob.store,premium,,,81,80,5,,,
b0c8f8ea-275c-4f87-a456-3e2e7493c128,vending.store,premium,,,62,84,7,,,
df3c8973-a0d1-42d3-ac03-63f3d67f1280,gigeconomy.store,premium,,,58,84,11,,,
da9ace53-50d7-4c97-9d8d-651a5eafc74d,imposingly.store,premium,,,44,72,10,,,
bed534ac-d92a-4e89-b563-992380396d1e,blend.store,premium,,,90,92,5,,,
dde8325e-ce55-47d2-919b-12d3a5373cba,funnypages.store,premium,,,64,24,11,,,
d655c7d6-8314-45a3-8af1-0484edb2c2fe,dualcarriageway.store,premium,,,60,72,16,,,
9c3f4ee1-626f-44db-817a-c8aa57c32144,pis.store,premium,,,,88,3,,,
37229720-cc9b-4113-b878-445951e1099d,endallandbeall.store,premium,,,40,72,18,,,
9e7e29ff-5eb3-40b2-920f-df97008c1102,coupons.store,premium,,,52,24,7,,,
bc637ecb-734d-4c2b-a013-aa679b4e813a,brooklyn.store,premium,,,60,88,8,,,
681d8b24-8447-483a-9b8f-fba4220787f4,doubleteam.store,premium,,,60,88,11,,,
cab6bb36-981f-47f8-a57c-3ff7f1cd28ce,COMELEC.store,premium,,,62,72,7,,,
07340b53-47f6-4aa3-ac24-d02359313f97,principally.store,premium,,,,1,11,,,
26d84e78-c56c-4d0b-8c91-7fb89619b3b7,LetterofJeremiah.store,premium,,,54,72,18,,,
4ce6e906-873f-4b6c-ac31-b698fab5f6b6,measured.store,premium,,,60,84,8,,,
47a38953-c1e6-4d45-9749-d5e0c4a52f4a,greengrosbeak.store,premium,,,38,72,14,,,
78d41abb-7a0d-45d8-9637-284b05f3b89d,popsong.store,premium,,,56,76,8,,,
54048c3d-50a9-44eb-826d-8e464a9d7e4e,utilizing.store,premium,,,,2,9,,,
8fe9d373-9309-4ff7-a228-314f894739c0,cyberactivism.store,premium,,,64,12,13,,,
c599dfd6-5b7a-4154-a09f-40e13bcabc2f,fruitfully.store,premium,,,58,80,10,,,
4e7bbab2-df9f-4093-8c0f-f6570e95eb9c,sugarsnappea.store,premium,,,60,72,14,,,
c84d6f27-f532-4dab-b0e5-209f5cac71ca,lemonzest.store,premium,,,44,84,10,,,
981a6340-2aea-4f1d-9b26-bbd3b4f6a010,kingatarms.store,premium,,,54,72,12,,,
d43d077b-9ce0-42ac-9344-32c3b41431d6,keepstraight.store,premium,,,66,1,13,,,
47cdccfd-29c7-425a-928e-be28dd69a46e,polystyrene.store,premium,,,58,68,11,,,
b6db5d54-8702-409c-8f84-19d8bf9c29be,lineoflife.store,premium,,,54,72,12,,,
7997d99e-4ed6-4744-8671-32af45d2b0f3,yellowgoods.store,premium,,,,72,12,,,
ae2f73ec-39aa-4a3b-a051-b13330c10b31,brandished.store,premium,,,34,8,10,,,
fc33fefc-661b-4c44-b6b1-858f7ad835d3,flour.store,premium,,,90,80,5,,,
5129ae37-f17d-4315-b9ed-a3e41340c7ed,demogroup.store,premium,,,54,76,10,,,
52bdda05-4352-47a2-a92e-52f69432ce2a,pompomgirl.store,premium,,,60,72,12,,,
ef255ddd-7388-4fb8-ab90-86d2da181d02,affects.store,premium,,,54,4,7,,,
179f23e8-dffc-46ac-bd9d-5e73e2c3c085,enginebraking.store,premium,,,58,72,14,,,
870daa20-a400-4d9c-9b50-8e8f183838d6,inwriting.store,premium,,,48,3,10,,,
b805134c-4c42-4ec4-a9c9-35e50b27e939,propels.store,premium,,,,72,7,,,
3802e314-b6fa-4da4-b363-337afd27aa26,aerophilic.store,premium,,,64,1,10,,,
128adcca-3ea2-4a4a-8ee9-c2d492842107,aortal.store,premium,,,50,2,6,,,
556035a3-732d-4d4e-924f-01f0146871f1,ditcher.store,premium,,,58,72,7,,,
a9c1b9b1-0310-48a5-863a-2ae36f31e865,correctly.store,premium,,,66,76,9,,,
59297faf-5780-4429-8379-3a8105b9462c,ultimately.store,premium,,,66,3,10,,,
858a3224-2e6f-4bc3-a35d-b12e7a369613,initialize.store,premium,,,70,84,10,,,
38373530-96f7-483b-ab22-5a281013154e,makeoutwith.store,premium,,,48,12,13,,,
bd529695-9c44-472e-a53a-5bf406708780,forafact.store,premium,,,50,72,10,,,
98c208f6-8c64-4b01-a6f6-d0f5c9d1cd4b,practicality.store,premium,,,,3,12,,,
359effdd-0a0e-4e21-b355-c8899d7aff17,Alitalia.store,premium,,,58,76,8,,,
9905f918-03fb-4db4-b1b1-5f0d43b3d29f,quantitate.store,premium,,,60,80,10,,,
194a16ee-ca0c-4fc6-bc4f-97716a163341,oneatatime.store,premium,,,,80,13,,,
1aa7cdda-4df7-40fb-bdbb-701d2ad16fb4,wolfup.store,premium,,,,72,7,,,
318affb8-0d91-4330-957e-d59622f1eea9,serviceitem.store,premium,,,54,72,12,,,
560de86a-7fe9-4413-a061-8d842908b117,testaments.store,premium,,,,32,10,,,
b400437f-8592-48e5-ae76-a316438d461e,countryoforigin.store,premium,,,66,2,17,,,
6841ee8c-eb99-4064-9695-6de2ae93776e,subscribed.store,premium,,,62,72,10,,,
0c2929e3-4fa1-427e-acf1-765216dc8bf1,sterilized.store,premium,,,50,80,10,,,
fccae8fd-419a-4591-9632-d7ff33df87b9,hypermodern.store,premium,,,56,76,11,,,
cd85c877-b262-447c-829c-47615d057061,dressmaking.store,premium,,,60,32,11,,,
f1780fb1-2d36-451e-83c3-8882b1199e80,weight.store,premium,,,64,14,6,,,
0c8eabe9-f8d3-4df7-a0ff-daa99bc8cef6,homogenize.store,premium,,,65,72,10,,,
03e7aede-091b-4178-b625-4e713cb3affc,lawoftangents.store,premium,,,62,72,15,,,
201f0a15-5a24-4b26-be0f-fc49cb098808,contrast.store,premium,,,86,20,8,,,
85cc5e21-9a71-467e-97ae-df11595c8428,firstwoman.store,premium,,,70,76,11,,,
d23621fa-da6d-4296-8da7-5548fc9b471a,online.store,resell,,,70,62,7,NAME DOT STORE INC,23/12/2016 11:19,23/12/2029 23:59
55e084e7-310d-4fcd-a9b3-75696829619b,defrayal.store,premium,,,56,72,8,,,
30ec4f8c-300d-447d-affa-3991653d4059,personable.store,premium,,,70,84,10,,,
acd50a2c-0f26-4e35-b228-48dc1371f2be,rinsing.store,premium,,,62,76,7,,,
41382bbb-0610-4433-aaea-384bccf7db9f,bowleg.store,premium,,,52,2,6,,,
71f583ee-5399-4f31-93af-5c99f480475f,crystallise.store,premium,,,62,72,11,,,
5490cf1e-d8e8-49c8-9339-c75802329624,dogbox.store,premium,,,40,80,7,,,
316543e1-f234-4822-b0db-ca1e28de8bbf,hydrolize.store,premium,,,63,72,9,,,
c0fcc158-44cd-47ae-80e1-1b4e313c5141,soda.store,premium,,,62,96,4,,,
4e16a7a5-9d89-423e-9d5d-4413bc0eb7c1,sharkweek.store,premium,,,,76,10,,,
69cc0b7a-28e9-4711-b89d-d6aa5c13c0e4,pulloneself.store,premium,,,,72,12,,,
0ecb2d69-add5-4f41-ad4f-7c8c53c664e0,graticule.store,premium,,,58,80,9,,,
bd3997d4-d3ea-4077-a50f-5a37553e185a,roamed.store,premium,,,,16,6,,,
b883bde4-6f32-4e1b-835c-f389d0530885,barrelrolls.store,premium,,,44,8,12,,,
da5aa757-435e-48d7-9a0b-6fa0dc38c854,cloakingdevice.store,premium,,,64,72,15,,,
c31d26c2-5e2f-42bb-ad30-3600cd087bfc,babyteeth.store,premium,,,40,36,10,,,
8431ee83-9bb0-4dfd-8071-4b4a8d970ea0,supermarket.store,premium,,,78,18,11,,,
6737c3f3-6c31-4cc7-8282-1d89733c08ab,pitchfork.store,premium,,,84,88,9,,,
0db6cf8a-9297-4909-9b16-bb786507a7b5,highbudget.store,premium,,,63,72,11,,,
36150910-c2cc-4652-8cee-9786fe81b7b3,der.store,premium,,,52,88,3,,,
3855f864-c92e-4b1e-921a-c524c581b56a,amplitudemodulation.store,premium,,,60,12,20,,,
8855c848-fde1-4ce5-a1cb-c580d644cf64,gypsyswing.store,premium,,,62,76,11,,,
1073ebaa-ed7c-4f6d-8ce4-fc2a36f3fad0,nearest.store,premium,,,60,10,7,,,
a1677cc8-05e2-47aa-9e85-408dd96694f8,turbo.store,premium,,,106,96,5,,,
ef1a91f2-b0f7-41fc-bfeb-d3c1a759c911,bigticket.store,premium,,,54,84,10,,,
274c089f-4160-4723-8599-49308ee4cb13,motorways.store,premium,,,38,8,9,,,
56073af4-2e75-4097-85e1-49cd912ae5f1,bombproof.store,premium,,,94,76,9,,,
175dc65e-2c20-4c4b-9023-eaf17670be74,bottleconditioning.store,premium,,,36,4,19,,,
da3b70b6-88e5-4b72-8561-612b2007f04d,roundedness.store,premium,,,,4,11,,,
dad5c82e-6609-4295-8b19-943cc579637f,arranging.store,premium,,,66,68,9,,,
0f33b658-0440-4b04-bcb2-ebc83436b64c,havekittens.store,premium,,,62,1,12,,,
8eddf35b-65eb-4df8-9884-ec14fa0026d1,doggydog.store,premium,,,62,24,9,,,
71de54d5-3d18-4839-a3e2-046d613ead67,keephopealive.store,premium,,,54,2,15,,,
f00ae97d-f594-406d-90a1-c59829932994,hundred.store,premium,312.5,1250,88,17,7,name.com,,
2c7c1830-b2b9-4477-be3a-5530b4701414,oninyears.store,premium,,,,72,11,,,
c44075e2-0c47-48c8-8f38-7537f007b5c5,introduces.store,premium,,,54,2,10,,,
18084586-2934-4d5f-8cf6-57305d933938,hangbehind.store,premium,,,58,72,11,,,
af7160d2-af0c-4936-9591-c64edbef7eee,chickenfried.store,premium,,,66,72,13,,,
17cf24e6-61f1-4bf6-be36-3f46fb1177dd,goldenrodgall.store,premium,,,36,4,14,,,
1e02bb17-3c7c-4074-b4e5-8b9c701b4827,strawvote.store,premium,,,,20,10,,,
79720bb5-0187-405f-b680-c358ce412de8,electronvolt.store,premium,,,54,76,13,,,
8db5efd8-8db7-4733-a23c-b20afba9bca6,photomedicine.store,premium,,,,76,13,,,
11944bad-8792-4703-ab54-55f28f45b1eb,looms.store,premium,,,40,60,5,,,
4b99c164-01c1-4f74-a347-7c402800db2b,chainstore.store,premium,,,66,72,11,,,
661baa0d-3729-4f0b-adcd-e21441098dd8,adjectives.store,premium,,,46,3,10,,,
f86424ff-dab0-4758-bcfe-a54f0fd098f8,altepemeh.store,premium,,,36,4,9,,,
0ae78572-461e-464c-a038-1880d9684462,seestars.store,premium,,,,76,9,,,
0855e113-cdc6-45fc-b69a-fb7152ca81be,heatflash.store,premium,,,60,72,10,,,
e4bd5ed1-2831-4b89-8d7c-602a722dde58,comedownwith.store,premium,,,62,72,14,,,
06b5b206-601f-4bff-8d85-660475293e92,cloverleaf.store,premium,,,92,80,10,,,
6e0a448e-f0ee-4afa-827f-076ceffc329e,growsomeskin.store,premium,,,56,72,14,,,
ffb1d41d-b43c-4255-8eab-8768ce33a06a,runningbacks.store,premium,,,,4,13,,,
2b98d741-23ff-411a-a207-c0898de9c805,goatboating.store,premium,,,37,4,12,,,
4bf30b2e-95aa-4c23-bce4-313b3bacce14,geneticfingerprint.store,premium,,,44,8,19,,,
87b47b3c-c5e1-4128-8778-77fa0482227b,shearer.store,premium,,,60,80,7,,,
08c0411a-6fd4-40cd-b959-ce98ad2669ca,recordsetting.store,premium,,,,72,14,,,
e7989746-7c24-4cb1-b943-085c6aa30384,michigan.store,premium,,,76,84,8,,,
06b70b45-d68c-4572-ba29-cf2f59663380,seatangle.store,premium,,,54,72,10,,,
b3a2b49e-f9a3-4626-97ad-2d2a3aab6ffd,sturdiness.store,premium,,,58,72,10,,,
70bb5d35-2cd9-4ee3-bda7-d2bded1d0aed,iguana.store,premium,,,64,84,6,,,
61d0ef5d-1772-4c04-83bb-3cbd4a66a35c,cottageorchard.store,premium,,,60,72,15,,,
6e362971-7c20-4a1d-a32f-19a91c33bd8c,pals.store,premium,,,,16,4,,,
30708b07-47ff-4e29-8b6c-dde2d437b6bc,overnight.store,premium,78.12,312.5,112,17,9,name.com,,
4d6744bb-432c-4438-8c00-583b87499e9b,vauntingly.store,premium,,,45,72,10,,,
94bb82ec-fa78-4adc-b674-6b31950d28e4,toomuchinformation.store,premium,,,64,72,20,,,
d67c028a-b1ed-44f7-92f4-3448c6dd8322,cleverly.store,premium,,,69,8,8,,,
d726af29-c74f-43b6-ac84-4a832373a952,drainboard.store,premium,,,54,72,10,,,
25f553b5-f0ca-4a06-8d0f-05585b615899,secondarysource.store,premium,,,56,76,16,,,
6a5695ef-4ae1-44a9-988b-4a58927c99d5,billof.store,available,2.99,72.99,52,72,13,name.com,,
21fdbbd6-b7cc-4252-a990-43414da47ca9,encased.store,premium,,,58,72,7,,,
124cf5b2-7717-4440-a807-93890aa91af3,happyasasandboy.store,premium,,,48,72,18,,,
d9fd287e-fc53-4347-b4af-b824acc3ba5a,stockupon.store,premium,,,,1,11,,,
5f24fc57-2832-4166-9bf5-17e8bcfa1c06,crinkling.store,premium,,,52,72,9,,,
9abb432a-b4d9-4d2e-b164-c6f1e3244042,ladiesandgents.store,premium,,,72,2,16,,,
a10e5c8e-0abf-4990-b937-57cf5305ea5f,brushing.store,premium,,,80,2,8,,,
bbcd4655-d0c1-4478-a644-b18f72ccf890,diesels.store,premium,,,44,32,7,,,
8ba3c767-1ddf-4a1f-89ff-da7ee9bc41dd,Grado.store,premium,,,48,76,5,,,
0c7a441a-b8d1-465f-b939-94bad12d2727,generalstores.store,premium,,,54,20,14,,,
33321337-2389-4b91-ad62-3a8ad612339d,unhandy.store,premium,,,,6,7,,,
716024e1-f666-444d-b5aa-685ca5d68973,unhook.store,premium,,,68,80,6,,,
7ffd600e-589d-421f-80f6-18e92c5752ce,xerophile.store,premium,,,50,72,9,,,
95a283e3-cd4e-418c-b070-77a6b155ed09,merchantbanker.store,premium,,,58,80,15,,,
2295979b-b191-4307-9d8f-228be24ae806,PanchenLama.store,premium,,,,72,12,,,
1e88ee9a-8145-4857-aca7-2ecbff9d0ba4,exuviate.store,premium,,,60,72,8,,,
f78017f8-6452-4ce7-9133-96d09e1a1112,batches.store,premium,,,42,44,7,,,
2663721f-106f-445c-b15b-349ea5db661c,heartcam.store,premium,,,64,72,9,,,
ea09191d-01e3-4381-b3d4-60960503c463,hearth.store,premium,,,70,88,6,,,
6e6973fd-517c-4559-a45e-4d41e9796068,midDecember.store,premium,,,98,1,12,,,
4b809631-ce85-4eca-a4f6-7456bd580f1c,bailbondsmen.store,premium,,,46,12,13,,,
fe2a8505-164c-4088-a000-cf1e32b5fe6b,medevac.store,premium,,,82,84,7,,,
a027d2e3-9508-4654-9fee-924ffe56df33,derma.store,premium,,,58,80,5,,,
227de1e9-95a7-4079-b842-d1ebb6ecf815,demandnote.store,premium,,,54,72,11,,,
101d9fd1-6b2a-4615-a6e9-8a924c6c082b,hays.store,premium,,,52,92,4,,,
1e2d06d2-aea0-4013-9a96-75fce108f40e,enrapture.store,premium,,,68,80,9,,,
ffb4aa8b-a1aa-4b40-9763-7d390de97de3,lowroad.store,premium,,,60,76,8,,,
e028486d-811f-4872-9c18-978041cc3271,technogeek.store,premium,,,58,80,11,,,
3db4090e-301c-4f5a-b1d1-eae7276aee27,continuoustime.store,premium,,,54,72,15,,,
1bf51c84-9738-4cd7-8187-b7c12934eb42,wields.store,premium,,,,8,6,,,
720ad268-010b-442b-ae3a-66db36bee2be,ironfaced.store,premium,,,36,72,10,,,
651e1191-c6f2-444a-94c3-9798c9fe61d1,whites.store,premium,,,72,80,6,,,
d5963886-7c40-4d09-adf8-e0ee43155203,geographyfair.store,premium,,,60,72,14,,,
188c64d1-700d-4640-b701-744e6a73241d,touristagency.store,premium,,,70,68,14,,,
301c092e-d083-452c-ad00-72397f4fd1e9,letterstock.store,premium,,,63,72,12,,,
a7d490be-5de3-4eed-81fa-7422bf23162a,superenergized.store,premium,,,60,72,14,,,
d2ac8ab2-b2f1-4f2e-91ee-00061318fabf,potatoplant.store,premium,,,,72,12,,,
88729026-3c93-4ea8-8c8a-6ef9e040e0ff,ebons.store,premium,,,36,24,5,,,
ab838df3-71ce-4ff2-9b0d-4478294c18eb,cams.store,premium,,,32,29,4,,,
9e7f051a-feb8-42eb-b103-246fc412a646,highspiritedness.store,premium,,,68,72,17,,,
d12cfdca-65ec-4e9e-8b8c-1ff480e79bca,dressinggown.store,premium,,,58,72,13,,,
113b54a9-5665-464c-9477-68d345d510a0,irrationalists.store,premium,,,36,4,14,,,
227ea520-c46a-4165-8e6d-5163d3bdfce8,crease.store,premium,,,86,80,6,,,
da931aaf-1ee9-4dbb-a246-7280dc4b0c09,rentfree.store,premium,,,64,72,9,,,
1aab24d4-07ab-4a89-99a7-be476b27f560,hotblooded.store,premium,,,54,72,10,,,
1b59e51f-5510-4839-af41-20195155cda8,motherboard.store,premium,,,60,80,11,,,
01f74596-99ad-4072-929b-3b791dc6d9b1,blacktantra.store,premium,,,38,12,12,,,
b9e30d0c-5e21-4a57-8124-b9846cd12cd0,mastheadsloop.store,premium,,,54,72,14,,,
d0204204-2adc-48f0-85fe-8f84123161be,halloumi.store,premium,,,62,32,8,,,
ea778fe6-9e8b-49f6-99fd-d5a23317fd4d,hat.store,premium,,,78,21,3,,,
03f08aeb-c519-4174-a028-5b19d023fddd,Staintondale.store,premium,,,48,72,12,,,
8306e3d3-dbbc-4fd4-91d9-5dee7538b8c9,anecdotally.store,premium,,,56,80,11,,,
26bf84f3-8077-4bc5-bb72-02cffc551c0c,urself.store,premium,,,48,76,6,,,
9daf156d-8f4c-4013-9e8c-27827f72429b,wickerwork.store,premium,,,56,72,10,,,
5375491d-2d34-465c-92af-af504c29c8c0,toiletbowl.store,premium,,,54,72,11,,,
5353ab95-4c76-470e-a682-8b48d17d86aa,comeunder.store,premium,,,66,1,10,,,
af64c509-05b3-4b67-a1c3-65f367536402,platearmour.store,premium,,,,1,12,,,
a2d02675-d821-487a-8226-9813e1747370,basketballplayer.store,premium,,,64,68,17,,,
9e0d9805-1ab8-4735-8a4c-cc08370c6b23,literarymovement.store,premium,,,42,4,17,,,
d3c58d19-1c46-48fe-bbb6-cebc0cbe0407,fieldhut.store,premium,,,56,72,9,,,
c5cbbc9b-3eac-4890-b14c-969559ea6861,sugarpill.store,premium,,,58,80,10,,,
6eef4ce6-a216-45e1-9c2d-59e9f32ff068,golfglove.store,premium,,,68,72,10,,,
0172d76d-fad9-47f7-bc64-4139484a2c12,gotowork.store,premium,,,68,4,10,,,
c5106cad-24a8-4be8-9371-b2ae8476213a,groundselbush.store,premium,,,56,4,14,,,
c17efca0-93f0-4a73-89ec-499c150b16bd,refreshing.store,premium,,,90,84,10,,,
7b5d0d17-5293-47af-9a1a-bae050eabd1c,diana.store,premium,,,74,84,5,,,
0169c21b-60cb-40a9-87da-14d998430d79,KingdomofEngland.store,premium,,,46,72,18,,,
c46f5608-1115-4580-a377-dd624e3640a8,localcolour.store,premium,,,54,80,12,,,
8cd79623-77e9-4978-b0e2-5205b6a23bcb,TLO.store,premium,,,60,88,3,,,
7ca95372-c10d-4907-9429-8a684eea3ea1,tugup.store,premium,,,,8,6,,,
e3dab383-2020-4f8b-97c5-be49f530ca9b,DVDs.store,premium,,,46,44,4,,,
7d64670d-4033-4031-9a7d-b5e9c5da6302,howmany.store,premium,,,54,10,8,,,
32a88b38-73b6-400c-8b97-cd601d2e76fa,pegtop.store,premium,,,56,72,7,,,
457dba3c-1f81-4050-866a-5a8d9978a681,almondpink.store,premium,,,48,72,11,,,
32a71303-9a92-4bc7-acb2-eb6bb897b795,doublebassist.store,premium,,,60,72,14,,,
79698bc7-1b43-42a3-b412-ea35bc9ffe66,abimes.store,premium,,,50,8,6,,,
3624f5d2-49f5-4e4b-ae60-a466b6562c40,cubing.store,premium,,,62,68,6,,,
bba2a1ad-4aef-4aaa-80d4-126a450e541f,plumping.store,premium,,,54,72,8,,,
d4ea2709-d2ed-46e6-8e12-27b9b55a2d79,cuddlebunny.store,premium,,,76,16,12,,,
1576c97b-39b0-407e-9545-2f348886a1da,moorland.store,premium,,,56,76,8,,,
41844063-1296-4b01-87c1-e1af82ffbb6f,TawasCity.store,premium,,,,72,10,,,
6d02e828-f32d-4936-ad22-7a3ea0027270,squilla.store,premium,,,56,72,7,,,
f824ba63-3b58-4a0f-aa8c-f8088acd4e6d,aplanatic.store,premium,,,41,1,9,,,
96a4ba57-c39e-46f5-852e-000357301f5c,seasonticket.store,premium,,,62,72,13,,,
6e5a9f37-5096-4539-88fe-8e4c02012c85,parkinglot.store,premium,,,54,76,11,,,
d33de2e3-bb71-4d1a-a36e-f50481a7bf7b,likepigsinclover.store,premium,,,52,72,19,,,
5b54d0c9-6f26-4d46-92ba-3d50db9abd05,mimic.store,premium,,,100,88,5,,,
74baaadb-6f0d-4480-b73c-9d0fd6a92746,polling.store,premium,,,,48,7,,,
1c560407-86b6-4981-9d00-9cd5f2b921f3,gobetween.store,premium,,,58,76,10,,,
635fd278-9bc9-4403-8642-3dd38a17e6af,backhoe.store,premium,,,80,76,7,,,
8e20005f-858d-4101-b79a-bcb660339f72,explode.store,premium,,,72,88,7,,,
9f23382c-998a-407e-a942-c1c24792dee4,hotpink.store,premium,,,82,76,8,,,
81bb9205-4ac8-43d8-8b3f-85964ac6308f,commented.store,premium,,,44,2,9,,,
9057fdf7-474b-4ff2-9203-7b4a799b3c80,linkbait.store,premium,,,54,16,8,,,
db79a6e2-d26b-4bbe-a1e0-5de335e80a94,brusquely.store,premium,,,47,72,9,,,
95318418-5249-459f-9755-4847140637d9,letterspacifical.store,premium,,,71,72,17,,,
067ed0cc-3587-4c94-8eb4-6ff18f2f404c,tickletheear.store,premium,,,,72,14,,,
6e972bcb-6074-411a-9dfa-2ee392df2b97,Sarahi.store,premium,,,54,68,6,,,
ce735827-7974-43fd-b758-10503cc75b3f,buildable.store,premium,,,54,92,9,,,
aa9bfa9e-0d2b-4ac5-9662-eaced804392a,reactions.store,premium,,,,56,9,,,
aeb0ec86-8486-49f6-b4ef-8ce553c6c85c,handbags.store,premium,781.25,3125,70,80,8,name.com,,
ed27bcce-06ae-42b8-8256-43f4dcbf241e,lemonjuice.store,premium,,,64,76,11,,,
3398696f-8806-4519-be7f-bb82ede867b4,acapnic.store,premium,,,50,1,7,,,
f34d5522-8afe-43ae-8f6f-5dad1fe6a689,variableantshrike.store,premium,,,60,72,18,,,
e6361a90-3b7c-4bcb-84b8-974d88723cc0,flagbearer.store,premium,,,62,76,11,,,
a674729d-b9e6-481f-84c6-9da9b72088a9,macrolens.store,premium,,,58,72,10,,,
ce659853-8002-4fe1-834a-8c73bae54e08,sandengine.store,premium,,,58,72,11,,,
86a8f152-3f42-4a51-928e-341575c110b1,BobbyJoe.store,premium,,,48,72,9,,,
577fdd97-47c4-4838-8214-52d93ade8d7b,lazytongs.store,premium,,,54,4,10,,,
21a5aaa0-696e-4059-b49a-b8423e0e2e28,breakfastwrap.store,premium,,,56,72,14,,,
8a2bbb24-df8e-4a20-9bb6-75eb68bf3ec6,Michaelhouse.store,premium,,,48,72,12,,,
ede66df4-c13c-4f9b-b9f9-dd9d53bc9a63,takeapull.store,premium,,,,72,11,,,
9b7d0a19-13a5-4c1b-9fb0-a2b872fc0d37,wormandwheel.store,premium,,,,68,14,,,
3d106331-190a-4831-af15-011df3c7d4db,Frenchcoffee.store,premium,,,58,72,13,,,
2279c6ee-5ba2-4d0b-9278-2b259f271b37,RushCounty.store,premium,,,,12,11,,,
9176c365-20b7-4a99-a1e7-26c7437faa11,validness.store,premium,,,58,72,9,,,
cadb4c61-5990-44e2-866b-3b4eed322387,friendlysociety.store,premium,,,66,72,16,,,
57c241ef-2c86-40c6-a26b-fb04e973b6df,reabsorption.store,premium,,,,72,12,,,
139e118a-e0f6-4174-99b9-2e967e4ce66d,riverboat.store,premium,,,,72,10,,,
077eb901-4b7a-4810-b51b-7544b32557f3,soulpatches.store,premium,,,,8,12,,,
954da6e2-d5bb-4476-a707-d46ef6e9851f,half.store,premium,312.5,1250,152,19,4,name.com,,
ca37e67c-96ec-4c4f-93a7-d7f21db9c62b,Eurosceptical.store,premium,,,50,72,14,,,
81c0154c-7cfd-4a57-9324-04ec4bd78bdd,through.store,premium,781.25,3125,92,11,7,name.com,,
ee66b1ab-945c-4a7b-8b26-fa2361df3184,regulator.store,premium,,,58,80,9,,,
b8a78d1e-3431-4530-ba82-9a0a9e353830,religiousleader.store,premium,,,64,72,16,,,
0be707df-3bcd-40fc-81e1-923ebd27c9df,frozencustard.store,premium,,,68,76,14,,,
574f3462-fb30-499f-8f08-0d8b0083c1f8,ultraflat.store,premium,,,,72,9,,,
c45749e1-6ae1-4475-b837-c2f725341251,steamgauge.store,premium,,,,8,11,,,
15f02848-1fb6-4d15-ba38-6c21fb1f0885,smartenup.store,premium,,,62,76,10,,,
b0cb948f-cf3e-4421-9331-cae96ed2c437,buds.store,premium,,,54,15,4,,,
adf512e3-2f85-4efb-b1a2-074ae3d3ace3,jumped.store,premium,,,42,24,6,,,
09ec6dec-7412-400a-a31f-4e5ef6d8a8f3,testoftime.store,premium,,,,76,12,,,
ea2b134c-6fb1-48e7-a9e1-2f568f08e9b2,bolsters.store,premium,,,46,16,8,,,
d08e0e1b-d2ec-48e4-9f9c-76bebf0256b4,breakofday.store,premium,,,38,72,12,,,
4e7a20d6-7200-40c8-88ee-98253e4e7b87,onaverage.store,premium,,,50,72,10,,,
ec763774-4441-4c75-a932-e549f1ccba05,concierges.store,premium,,,42,24,10,,,
100c31a0-ac4f-42a3-9655-cce01da2a579,thickened.store,premium,,,48,72,9,,,
1a2f3bff-5073-4654-b1b1-67fa2eecdbf8,Benedictine.store,premium,,,68,76,11,,,
e4566ce8-12f7-4e71-bb0c-0f72551c06ae,quaintly.store,premium,,,52,72,8,,,
ad79b959-b944-4bee-942c-24cdab170840,retentive.store,premium,,,70,76,9,,,
a58d9d45-c25b-409b-a0fa-7891e03b32ae,logarithm.store,premium,,,56,80,9,,,
b11d55ab-185a-4c3a-9e9e-7d660a348642,english.store,premium,,,96,35,7,,,
bf07fe08-abdf-4dde-b793-658f986c9c94,acrophonic.store,premium,,,52,72,10,,,
cdffe83a-2e9b-40f7-a687-0abfd5783d2f,Copythorne.store,premium,,,46,72,10,,,
1a132588-8a7e-468d-839e-c1dd599a1800,tradedollar.store,premium,,,58,72,12,,,
17ce2665-1963-4cb5-9f7b-6736705d1f4f,Australianfootball.store,premium,,,70,72,19,,,
9a06d1f8-9164-46de-acd4-419e384928b3,parked.store,premium,,,62,88,6,,,
e56349cf-03f0-4963-b453-fe339c6422b9,eyesocket.store,premium,,,56,72,10,,,
22a27dc1-3a23-4843-a097-dc23ee889f32,MacedoniaSkopje.store,premium,,,36,72,16,,,
81dd7d13-686b-495d-9d1a-351704edd4f5,infrareddetector.store,premium,,,36,8,17,,,
41d319ba-debc-4559-89e4-08ecae5035f3,bakedAlaska.store,premium,,,64,20,12,,,
dcb3e5f9-7b1f-4e02-9ec3-41a45779ccf5,catalogues.store,premium,,,46,32,10,,,
ab6179ed-74fb-49a7-8a49-d3845aaa2427,antiquarian.store,premium,,,68,76,11,,,
c557cfd2-2667-4e7e-9d7a-2b43196a9af9,ashtree.store,premium,,,50,80,8,,,
8f3e74d5-60a7-487a-bc4a-b53a1ebf8e27,Iranianate.store,premium,,,50,72,10,,,
29fa206e-39d2-40ba-8eb5-5e0ffb54e516,boxkeeperess.store,premium,,,38,72,13,,,
fe4befd0-48e3-4372-8021-f906f5a44ba4,gulf.store,premium,,,64,25,4,,,
07320515-3d80-4c70-ad2f-c85818b58e70,handycam.store,premium,,,60,76,8,,,
b4e5d1ec-ace3-4f69-9500-486a44c1dff0,settle.store,premium,,,62,92,6,,,
d6f3c572-bb83-43b3-b722-d379964e0aaa,woodedly.store,premium,,,46,72,8,,,
d986929a-f546-4b21-850a-3723945d3daf,possessing.store,premium,,,,8,10,,,
76deb5d1-9046-4981-9454-7ea0f1b6ba3f,HongKonger.store,premium,,,,76,11,,,
931d2844-973e-4ab8-a6ba-dcdf637e34d4,punkrocky.store,premium,,,56,72,10,,,
05354f94-f39d-4b7e-9956-242241f1c4e9,Gravesend.store,premium,,,44,72,9,,,
dd74a0ae-629f-468c-a7a5-f3420dc1f7ed,runhot.store,premium,,,,72,7,,,
f6bb9b99-d827-49f7-bd8e-4b6143cfcd80,investmentbanker.store,premium,,,70,72,17,,,
1932d3d7-4b83-4cec-88a4-e3942cabc455,conditional.store,premium,,,72,76,11,,,
78e6b8e1-b2aa-498e-9946-bc667919aa29,blackmailing.store,premium,,,54,2,12,,,
ad01018d-cb89-4997-8312-d63290decd53,oldsoldier.store,premium,,,54,72,11,,,
d0b3685b-7643-4a22-965a-1996ce18e7a4,stabilised.store,premium,,,52,72,10,,,
d7a642f8-a9f4-41a4-b0c4-b32dedf39cfb,hotties.store,premium,,,44,56,7,,,
c9d4abad-59d4-4fb7-a08b-28448f90c6ac,rectified.store,premium,,,54,80,9,,,
b0511305-0354-4629-bcf8-625bbbd1b114,seymour.store,premium,,,57,88,7,,,
601b5abd-784e-495e-a67b-3fdc828d1b1f,getpast.store,premium,,,72,1,8,,,
3235c1a0-31bb-420c-805f-79492953020d,countnoun.store,premium,,,60,72,10,,,
26330d0e-44cb-4da1-a401-26a6fa518bf0,fromthestart.store,premium,,,60,76,14,,,
89c6e705-3062-43e8-909c-28c2fbb0e9e4,nih.store,premium,,,72,76,3,,,
d5e7cfae-f8c4-410a-a03f-b251aa187b22,fedora.store,premium,,,58,88,6,,,
f8815bc9-c74e-4662-be72-973f4a2c8ff6,luncheonettes.store,premium,,,56,1,13,,,
da106e8a-fa59-4c81-b506-e0523f389564,confidingly.store,premium,,,44,72,11,,,
e8208674-5c72-457b-b83f-6b725e0f7b93,costing.store,premium,,,64,76,7,,,
49244866-4cb3-4282-b570-04133a223d1d,vanityitem.store,premium,,,58,72,11,,,
31b6fb01-02bb-48c2-ac7f-7c2da7ec064b,getwithchild.store,premium,,,72,72,14,,,
cbb45086-fe34-4142-9da0-56048175e390,racecourse.store,premium,,,64,68,10,,,
bdc430f2-f074-430b-bac8-607c5a0d0ce4,emu.store,premium,,,65,84,3,,,
e2046d8a-722b-4c79-a0a9-f051643084ac,thankyou.store,resell,,,100,23,9,"GoDaddy.com, LLC",13/04/2021 16:06,13/04/2027 23:59
f92444af-5059-40bb-a89a-1865921559d9,nonfatal.store,premium,,,,8,9,,,
23f7a823-a082-4470-96d3-67c3f940d559,Euronote.store,premium,,,36,68,9,,,
f1137c08-ab3d-44a0-985a-2a130c194db3,pennychew.store,premium,,,54,72,10,,,
795efee7-ebcb-49d1-9571-9ce9f006495e,chowchow.store,premium,,,90,80,9,,,
9ac9ecfb-1154-4caf-99f9-2961b7b1cb21,herdinginstinct.store,premium,,,54,72,16,,,
ad53be83-b33e-4cb1-b1bd-e7e5162a3d19,footfalls.store,premium,,,40,12,9,,,
b67b0fa2-519c-4773-865d-46e2f56c3eaa,resolution.store,premium,,,74,23,10,,,
da8747c1-b5e7-490d-9c54-483081db841d,taxa.store,premium,,,,48,4,,,
a93ced0c-3505-40e1-af00-52d6ec60e5d8,optionally.store,premium,,,61,2,10,,,
d38a2894-74d5-427d-b8ae-95328f84a1b0,hitat.store,premium,,,46,72,6,,,
e8e84390-8f5a-4b45-ae5f-5a9a72de8a93,blackbass.store,premium,,,54,80,10,,,
7459db37-9520-4481-aee8-e4f679017a8b,cubebberry.store,premium,,,56,72,11,,,
296a465d-1b20-45b6-8912-56c28911d7b6,amidship.store,premium,,,39,1,8,,,
1f0b0f08-a624-4eb0-bad0-60ce4e839f10,ottoman.store,premium,,,76,80,7,,,
c64994d0-7842-45f1-89ad-23413c8eef78,letsomethingride.store,premium,,,71,1,18,,,
c72cdddc-653a-4683-94bd-658e672adf8a,FirstFrenchEmpire.store,premium,,,50,72,19,,,
7f5a0f79-209d-47bf-9e41-1d0e865a09d0,hotlips.store,premium,,,52,72,8,,,
760c3c89-116d-4b10-a7b0-c367da47e659,inventively.store,premium,,,54,76,11,,,
6fd2a0ae-9cab-4f20-8514-84b1b5b1d4cd,holdingaction.store,premium,,,52,72,14,,,
3677cc9e-f184-4cfd-857b-8539aead7620,detergence.store,premium,,,52,72,10,,,
0505ea01-8c6b-42da-8255-6d95a1e4774b,ontheqt.store,premium,,,42,84,9,,,
1944a48c-35b0-478f-8782-5919d1629890,eyedroppers.store,premium,,,36,8,11,,,
98243502-f516-425a-b09a-3b848e5be16a,stockstill.store,premium,,,,76,11,,,
a8b503b5-327a-4698-a630-3bb04b49bc57,alltheteainChina.store,premium,,,62,72,20,,,
e7492d77-8a9b-4460-84e9-8019c6543719,fastendown.store,premium,,,64,72,11,,,
99dfcb07-b6f9-4ca3-b4ec-9c0e6f12799e,conceiving.store,premium,,,62,72,10,,,
ba326112-8a0d-43ed-a947-7b81d4d1ce24,mousekind.store,premium,,,,72,9,,,
d754ac58-5f29-4b76-b446-33bf94a898b6,melonballer.store,premium,,,64,72,12,,,
2c8af5f0-023e-47f8-ac46-b02a5a3930f0,refute.store,premium,,,64,80,6,,,
53c0fc28-0358-4484-ba93-e044f384c901,givecredit.store,premium,,,72,13,11,,,
bea8a7b9-e316-497c-9bbb-a3915b49c12b,woodblock.store,premium,,,,72,10,,,
755f73d3-d9d3-493c-90b8-7884a5b591ff,emptynester.store,premium,,,58,80,12,,,
db6b871d-1f06-4642-a1bc-e7d95ceea754,Aubrianna.store,premium,,,50,76,9,,,
9af4999f-6de0-48fc-987d-d7c51c5e0eae,frontrunning.store,premium,,,64,76,13,,,
c5cf6a67-e225-45d0-acd8-da8b81ba023f,casinos.store,premium,,,48,68,7,,,
f4bb7f5c-cc58-4d60-ad7e-8e8cea096deb,familymeal.store,premium,,,60,76,11,,,
9bb614f2-565a-4d99-82ca-4f60bb19c916,arsenious.store,premium,,,50,1,9,,,
8e1ac7e6-81ac-4cb5-828b-c7c57a4b7c30,rue.store,premium,,,54,92,3,,,
3e0e03d5-9e7e-41a0-a892-cada5b15e066,sibling.store,premium,,,70,76,7,,,
14c053ee-8555-424b-a4b6-e581be317706,inpatient.store,premium,,,64,3,9,,,
93654f3d-4502-480e-95c2-cc2e98153c6a,canton.store,premium,,,52,76,6,,,
e25ff107-2ce8-4b04-a39a-a1e106eb977e,vigilantist.store,premium,,,,8,11,,,
d45926b0-f0a8-42c0-baa1-a68a2132a497,yellowcake.store,premium,,,,13,11,,,
a1319988-b765-4c07-a97f-1ba1f757950a,iridesce.store,premium,,,64,72,8,,,
cf81e402-36b9-4b06-8daf-90a10ab11a03,equalled.store,premium,,,58,8,8,,,
12b92dc1-3778-44ce-91c3-27453bc61f0e,HotSpringsCounty.store,premium,,,46,72,18,,,
a97a9143-0b8f-49e5-a50d-989c17f5978d,toasters.store,premium,,,,24,8,,,
d13ff0d2-1b82-4c5b-9456-5e597f31c180,refuting.store,premium,,,,8,8,,,
40a7dbf2-5e88-475f-8adc-4fccf6f97a5a,generator.store,premium,,,60,80,9,,,
1d619e9b-26a8-4eb7-8bf2-2e107628121d,thongs.store,premium,,,,5,6,,,
a796929f-6f30-4276-85eb-acb76a9ff165,knowsomeonewhen.store,premium,,,56,72,17,,,
96ba06ec-d557-44c5-a76c-1ee3739f6c98,rollercoasters.store,premium,,,,28,14,,,
3672a7a2-1244-431d-94cf-bfb43f8376a8,washes.store,premium,,,,3,6,,,
fe60fdb1-13ac-438e-9b04-5259816ac80c,headdoctor.store,premium,,,56,72,11,,,
13d6863a-8e84-49dd-be52-20e9e8435bfd,onedaymatch.store,premium,,,,72,13,,,
aa2dcb53-6da8-4796-8c9d-1008566b6e18,chemicalelement.store,premium,,,66,72,16,,,
92297bab-cedc-4576-8501-0d36d5f20632,pleasant.store,resell,,,70,12,8,Xin Net Technology Corporation,18/06/2024 02:02,18/06/2026 23:59
afe67e5e-fb6c-4830-b776-38e189327478,NATOreportingname.store,premium,,,56,72,19,,,
9bd5a926-efbc-4dfc-b1b5-b88eb3461b07,makenomistake.store,premium,,,52,72,15,,,
cbf22e60-0de2-41b9-a508-c5ab00c2dee3,postandpair.store,premium,,,,72,13,,,
71ebbc9f-7c6f-480d-a1a5-83c0fa6969c4,electricalfield.store,premium,,,66,1,16,,,
14c243f7-ece7-483d-8cb3-8d35b1976f86,CountyofYork.store,premium,,,48,1,14,,,
9e3a041b-850a-4a3e-b821-7c8b6c510701,paraphrases.store,premium,,,,4,11,,,
af8602b3-da7c-4517-827d-fc6f98e5b694,confated.store,premium,,,48,4,8,,,
55b0db22-fd42-4c3d-b2dc-2ac804e9bf16,gettoknow.store,premium,,,75,8,11,,,
8792f078-5bc9-415d-96cb-5b2da262563e,freshpursuit.store,premium,,,62,72,13,,,
6b0701aa-910d-48f7-a8c3-22d2eba9a948,Rexpression.store,premium,,,52,72,12,,,
ed892929-94b6-4130-8b70-b6d86bfaaff4,YoungCounty.store,premium,,,,12,12,,,
9c17834c-b069-4cfc-9e59-56d048325a39,mormons.store,premium,,,60,76,7,,,
fc2a8290-3032-4480-8f64-23048def38d1,skim.store,premium,,,104,92,4,,,
5574749c-c760-4c0f-b87f-00f0e556deec,monocle.store,premium,,,60,88,7,,,
20d08135-a114-49ef-9ff7-d1630fd9e858,gerbil.store,premium,,,80,72,6,,,
7232acad-3b99-496a-9be5-67b108bcb2de,ivy.store,premium,,,82,34,3,,,
38c08682-3376-454d-83b9-04d5b500aff5,orchestra.store,premium,,,76,24,9,,,
0197c3a8-c8ed-4399-b406-b0079219e6fa,Europeanmiracle.store,premium,,,60,72,16,,,
564738be-b26e-434e-8d79-ca15d2cbf624,pieceup.store,premium,,,,72,8,,,
ba40d17a-5a2c-486d-8e97-8aab5a379ae2,steamturbines.store,premium,,,,8,14,,,
cad449b7-777a-4d22-9af7-75726277f19b,bakedinthecake.store,premium,,,46,72,17,,,
a970c576-7d1b-408a-9951-233264644d74,hamburgeria.store,premium,,,64,72,11,,,
ef6d1c71-6318-41dd-86ac-f31a293ced67,ramadan.store,premium,,,50,84,7,,,
efa52fc0-78f1-4107-99b7-1b278b998c8b,Tudorrose.store,premium,,,62,72,10,,,
50d7b439-a142-48b4-af04-01ad8aada485,technicolored.store,premium,,,,72,13,,,
2267e584-6849-4c47-bc8c-564983f4cf34,dishcloth.store,premium,,,64,72,9,,,
f717bbde-5bd5-4a86-b84a-de32e197cdc2,prancingly.store,premium,,,48,72,10,,,
367dde4e-71e6-4d09-b6f4-6087b14f24cf,gumarabic.store,premium,,,56,80,10,,,
6458d19b-2459-4b56-a435-1cbb7a016d36,balaclava.store,premium,,,48,76,9,,,
72ce83c7-7396-4270-af26-cd4f568b43d9,addable.store,premium,,,76,3,7,,,
4054be14-6fab-4429-94b7-82ca06c01f7b,disposableincome.store,premium,,,58,16,17,,,
0f5b3e38-b2ea-4dd1-b13d-188f832a0983,fingertapping.store,premium,,,40,72,14,,,
a15caebf-72a4-417c-9bc7-e81599548f3b,fiscalyear.store,premium,,,52,72,11,,,
66598091-bc2a-438c-8630-c26cdfdf0d4b,constructionpaper.store,premium,,,56,72,18,,,
4965e289-e69c-40a3-ac83-f635587edb1b,excusable.store,premium,,,52,72,9,,,
2636b5ae-504c-4e43-9435-0770c087a510,plug.store,premium,,,92,27,4,,,
0ba9d885-ca3d-44e0-8edb-ef59a55a948d,stickywicket.store,premium,,,54,84,13,,,
d9b230f7-1c1f-42aa-91c2-1c2f28f43592,coindispenser.store,premium,,,56,72,14,,,
105dc39d-44eb-4854-af47-7b57452ae7ac,ballooned.store,premium,,,38,20,9,,,
b6ad38a7-74fc-4095-a2a7-518b970d1555,optimally.store,premium,,,62,84,9,,,
6006f4fb-c69d-4443-82bf-3a9eb885b674,TeflonDon.store,premium,,,,24,10,,,
b8f105ec-18d6-4eeb-b316-20f49fba55d4,Wetaskiwin.store,premium,,,50,76,10,,,
84b787cb-e96b-4378-8d70-b4188899cc2d,translating.store,premium,,,,7,11,,,
d74281a6-0832-472c-804d-cd164f1b39f3,swappiness.store,premium,,,,72,10,,,
7fa29a7e-62fe-4194-b5a7-4194e7479c1f,fortalices.store,premium,,,40,4,10,,,
667b9148-feb5-42e3-8daa-944e08606c8b,picoamp.store,premium,,,58,72,7,,,
32a8676f-3517-4575-b9b9-aad0db2516b5,institutionalized.store,premium,,,52,72,17,,,
6b14b2ca-136a-4280-97d7-8ddb1b8c715b,killerTcells.store,premium,,,36,12,14,,,
8d4644a0-77ae-42e1-aecd-3ab343989385,heartshaped.store,premium,,,56,76,12,,,
a9540a9f-4afb-4177-a288-e4944a4b0ff2,contratrading.store,premium,,,54,8,14,,,
8fc66a15-d446-43a0-8636-7c8b65c0c479,dashingly.store,premium,,,54,72,9,,,
5d8a0b80-e331-4f16-9ba9-eb5b293d8c73,motorpool.store,premium,,,54,76,10,,,
12f0a2e9-17a2-46f6-b092-06ba270dc47f,until.store,premium,,,66,12,5,,,
0ae85251-cc27-4a6e-9588-f554541a57d1,turntup.store,premium,,,72,2,8,,,
69e9d6df-80eb-4cc7-9986-4f3aa1ddeceb,fisherman.store,premium,,,64,76,9,,,
581e580a-8b3c-4ad3-9727-dbb652950b34,capacitors.store,premium,,,36,20,10,,,
35a8d3cc-45ee-46a3-9a93-5d24c3820589,clinicaldiagnosis.store,premium,,,60,72,18,,,
21c22d4c-dde3-4819-b1c7-98af7bbd872b,wellthumbed.store,premium,,,56,72,12,,,
95f72925-51c1-4061-a6da-75ee9eb7c33f,overflowpool.store,premium,,,58,76,13,,,
abc1498a-245a-485f-a252-e39923aaaa55,spanner.store,premium,,,84,80,7,,,
349f4ee4-a9fd-45ac-b89f-96f49c461ac7,milkyquartz.store,premium,,,54,8,12,,,
28969fc4-f8a5-44db-bed6-26efd20f6c1f,timepremium.store,premium,,,60,72,12,,,
4a01a444-37c5-4684-97bd-228933ab62f9,packets.store,premium,,,,8,7,,,
b4d3e5ca-d0b3-426f-86ad-42033da572fa,Barbiepink.store,premium,,,80,11,11,,,
40363c6f-a4c5-48c4-9bd7-34c9d6ea8509,knownunknown.store,premium,,,54,80,13,,,
7fb084e8-f1d5-4306-bf49-e3aaa1c6f044,Singaporeanize.store,premium,,,56,72,14,,,
708175cb-c55e-43e6-8a5f-2c19585789e2,medicalcertificate.store,premium,,,58,80,19,,,
d0204b64-1616-4ccd-aafb-ddbcafce71d9,unicycle.store,premium,,,84,84,8,,,
202213a9-674c-469c-89fd-f4ac749873f2,Whitland.store,premium,,,50,72,8,,,
1b0737ac-14e8-4838-87eb-e68d9d4906e2,MertonPark.store,premium,,,50,4,11,,,
d810d24b-d3a4-4a41-9815-07709017f615,grease.store,premium,,,88,76,6,,,
42f1718f-3dbe-4057-8d92-90fcb803b4d1,aground.store,premium,,,60,2,7,,,
d145d9ae-57a8-41c0-9522-0178a56d9be1,fileout.store,premium,,,64,72,8,,,
949ae4ba-3a01-475b-8cef-0b4335293a6c,byanystretch.store,premium,,,38,72,14,,,
1d56ed62-0df5-4fc8-97ea-3f811cb9539e,squarefootage.store,premium,,,,80,14,,,
e2ae4d04-eb5b-420f-b8cc-e5f4b044ed6f,shrunken.store,premium,,,54,72,8,,,
e83df317-7350-460d-b001-69f63edb4c8a,fuckinghell.store,premium,,,54,2,12,,,
b3ca9b91-a20f-4c92-9289-68696aa66b20,samurais.store,premium,,,,24,8,,,
e679b7c0-1cc1-4337-8ab7-c5d2a5bfc442,chutzpa.store,premium,,,60,76,7,,,
be688a51-8e47-45f8-bc36-e59441cf650e,ISFP.store,premium,,,64,72,4,,,
d9cbda67-4974-4957-8c10-5db575176968,south.store,premium,,,62,23,5,,,
a0c758a6-7323-41ff-91f6-00fa185c3fa8,Winterfresh.store,premium,,,,72,11,,,
813a1855-1d88-43e4-b410-02e97e37633e,vegbox.store,premium,,,66,80,7,,,
b25d1f78-b7f5-4d73-8e14-f8523b434201,badgeofmerit.store,premium,,,64,16,14,,,
8abd74ac-c443-45c0-aa84-4146033576b0,dinosaur.store,premium,,,75,23,8,,,
1c330730-08c8-4686-af4c-e8465f23825f,behaviours.store,premium,,,50,3,10,,,
e27edd7d-2652-4485-a57f-9d3a25575a42,symptomatics.store,premium,,,,8,12,,,
a9aaa6f6-7d0b-42ef-8518-fe8d8250a513,chipset.store,premium,,,64,76,7,,,
597c64d5-5204-47d2-90a2-dabfeb8cd3f5,broomstick.store,premium,,,80,72,10,,,
15902878-e7c7-4229-b196-0df951fb8801,twowheeler.store,premium,,,60,72,11,,,
b4b5fff2-ad0b-4f5f-b9ca-4a17de31834a,referenced.store,premium,,,54,72,10,,,
e0725df6-592b-4eba-b238-beb1371a88ac,goodcoin.store,premium,,,62,88,9,,,
a335f7eb-1a49-4c92-9f2b-dc9a518a82dd,bodyhair.store,premium,,,58,72,9,,,
5f5c56ad-9969-41f3-bf53-17b84d89738d,PhoenixCity.store,premium,,,,20,12,,,
47a6aa06-1471-4286-b9e6-7c8363402755,sandwichboard.store,premium,,,56,72,14,,,
469b4845-c449-4ff6-a8f6-ef9ddc9ed567,oneirologist.store,premium,,,54,72,12,,,
178e40f1-e8ef-451b-ab7d-f1410e11248d,intermezzo.store,premium,,,54,80,10,,,
5534e96f-7773-4cbf-9708-9f572f3ea016,fireplace.store,premium,,,70,92,9,,,
4d04f9c1-eae5-4b6c-ae42-9736b8486658,Pugwash.store,premium,,,52,72,7,,,
2c3ed6a2-5e98-40d3-8d5a-7fae4c31d925,beachball.store,premium,,,82,84,10,,,
5b47a1e9-2b65-496a-90d9-c6bc20e2c3b8,baptised.store,premium,,,58,1,8,,,
2fcfd602-b707-43c8-99ef-d0aa866dbc49,freelancers.store,premium,,,42,40,11,,,
7adfaf52-8b6b-4a2c-8794-54a6050fc19d,auctioning.store,premium,,,36,20,10,,,
97e65d84-f892-454c-95ae-1190a739c023,universalmind.store,premium,,,,80,14,,,
95c022c6-5419-4e23-97f0-c945197b05b5,reddishbrown.store,premium,,,,72,13,,,
94e6fd9e-59bc-42b5-83cd-b031149d3c50,MillVillage.store,premium,,,42,72,12,,,
ae823cb9-5855-486b-a279-8182164a4bbf,yellowearth.store,premium,,,,72,12,,,
ec24585a-2948-40f9-87b9-e22399fe24ce,fillingstations.store,premium,,,40,4,16,,,